市场代码,证券代码,时间,最新价,成交笔数,成交额,成交量,方向,买一价,买二价,买三价,买四价,买五价,卖一价,卖二价,卖三价,卖四价,卖五价,买一量,买二量,买三量,买四量,买五量,卖一量,卖二量,卖三量,卖四量,卖五量
SH,603538,2017-12-29 09:25:01,26.8200,1,5364.0000,2,S,26.8200,26.8100,26.7900,26.7800,26.7200,26.8400,26.9800,27.1900,27.2000,27.4900,2,3,6,3,1,3,4,10,34,3
SH,603538,2017-12-29 09:30:02,26.8400,1,8052.0000,3,B,26.8700,26.8600,26.8400,26.8200,26.8100,26.9800,27.0800,27.1000,27.1100,27.1400,1,7,20,2,3,4,8,27,8,8
SH,603538,2017-12-29 09:30:27,26.8700,1,2687.0000,1,S,26.8600,26.8400,26.8300,26.8200,26.8000,26.8700,26.9800,27.0800,27.1000,27.1100,10,41,18,12,10,2,4,8,27,8
SH,603538,2017-12-29 09:30:36,26.8700,1,5374.0000,2,B,26.8700,26.8600,26.8400,26.8300,26.8200,26.9800,27.0800,27.1000,27.1100,27.1400,1,10,41,18,12,4,8,27,8,8
SH,603538,2017-12-29 09:30:51,26.8600,3,29547.0000,11,S,26.8400,26.8300,26.8200,26.7600,26.7300,26.9800,27.0800,27.1000,27.1100,27.1400,22,18,12,1,3,4,8,27,8,8
SH,603538,2017-12-29 09:31:33,26.8600,1,2686.0000,1,S,26.8600,26.8500,26.8400,26.8300,26.8200,26.9600,26.9700,26.9800,27.0800,27.1100,2,10,32,18,12,2,2,4,8,8
SH,603538,2017-12-29 09:31:45,26.8400,3,37590.0000,14,S,26.8400,26.8300,26.8200,26.7600,26.7300,26.9600,26.9700,26.9800,27.0800,27.1100,30,18,10,1,3,7,2,4,8,8
SH,603538,2017-12-29 09:32:18,26.8400,2,26840.0000,10,S,26.8400,26.8300,26.8200,26.7600,26.7300,26.9500,26.9600,26.9700,26.9800,27.0800,14,18,10,1,3,17,7,2,4,8
SH,603538,2017-12-29 09:33:30,26.8400,1,8052.0000,3,S,26.8400,26.8300,26.8200,26.7600,26.7300,26.9400,26.9500,26.9800,27.0800,27.1100,24,18,10,1,3,5,10,4,8,8
SH,603538,2017-12-29 09:34:09,26.8500,2,13425.0000,5,S,26.8400,26.8300,26.8200,26.7600,26.7300,26.8500,26.9400,26.9500,26.9800,27.0800,24,18,10,1,3,1,5,10,4,8
SH,603538,2017-12-29 09:34:18,26.8500,1,2685.0000,1,B,26.8500,26.8400,26.8300,26.8200,26.7600,26.9400,26.9500,26.9800,27.0800,27.1100,9,24,18,10,1,5,10,4,8,8
SH,603538,2017-12-29 09:34:42,26.8500,1,24165.0000,9,S,26.8600,26.8500,26.8400,26.8300,26.8200,26.9400,26.9500,26.9800,27.0800,27.1000,1,15,24,18,10,11,10,4,8,10
SH,603538,2017-12-29 09:35:18,26.9400,2,29634.0000,11,B,26.9400,26.8600,26.8500,26.8400,26.8300,26.9500,26.9800,27.0800,27.1000,27.1100,4,1,21,24,18,10,4,8,10,8
SH,603538,2017-12-29 09:35:21,26.9400,1,10776.0000,4,S,26.8600,26.8500,26.8400,26.8300,26.8200,26.9300,26.9500,26.9800,27.0800,27.1000,1,21,24,18,10,6,10,4,8,10
SH,603538,2017-12-29 09:35:27,26.9300,1,10772.0000,4,B,26.8600,26.8500,26.8400,26.8300,26.8200,26.9300,26.9500,26.9800,27.0800,27.1000,1,21,24,18,10,2,10,4,8,10
SH,603538,2017-12-29 09:35:42,26.9500,2,13471.0000,5,B,26.8600,26.8500,26.8400,26.8300,26.8200,26.9500,26.9800,27.0800,27.1000,27.1100,8,21,24,18,10,7,4,8,10,8
SH,603538,2017-12-29 09:35:51,26.9500,2,32340.0000,12,B,26.9500,26.9300,26.8600,26.8500,26.8400,26.9800,27.0800,27.1000,27.1100,27.1500,13,2,8,21,24,4,8,10,8,31
SH,603538,2017-12-29 09:36:06,26.9500,2,8087.0000,3,S,26.9500,26.8600,26.8500,26.8400,26.8300,26.9800,27.0700,27.0800,27.1000,27.1100,12,11,21,24,18,4,7,8,10,8
SH,603538,2017-12-29 09:36:18,26.9800,1,10792.0000,4,B,26.9500,26.8600,26.8500,26.8400,26.8300,27.0600,27.0700,27.0800,27.1000,27.1100,12,11,21,24,18,10,7,8,10,8
SH,603538,2017-12-29 09:36:24,27.0000,1,2700.0000,1,B,26.9500,26.8600,26.8500,26.8400,26.8300,26.9700,27.0600,27.0700,27.0800,27.1000,12,11,21,24,18,2,10,7,8,10
SH,603538,2017-12-29 09:36:54,27.0700,2,46009.0000,17,B,27.0700,27.0000,26.9500,26.8700,26.8600,27.0800,27.1000,27.1100,27.1400,27.1600,33,1,12,10,15,8,10,8,5,30
SH,603538,2017-12-29 09:37:12,27.0800,1,21664.0000,8,B,27.0800,27.0000,26.8700,26.8600,26.8500,27.1000,27.1100,27.1400,27.1600,27.1700,12,1,19,15,21,10,8,5,30,11
SH,603538,2017-12-29 09:37:15,27.0800,1,32496.0000,12,S,27.0000,26.8700,26.8600,26.8500,26.8400,27.1000,27.1100,27.1400,27.1600,27.1700,1,19,15,26,24,10,8,5,30,11
SH,603538,2017-12-29 09:37:21,27.0800,1,5416.0000,2,S,27.0800,27.0000,26.9000,26.8700,26.8600,27.1000,27.1100,27.1300,27.1400,27.1600,3,1,2,19,15,10,8,10,5,30
SH,603538,2017-12-29 09:37:30,27.0800,1,5416.0000,2,S,27.0800,27.0000,26.9000,26.8700,26.8600,27.1000,27.1100,27.1300,27.1400,27.1600,1,1,2,19,15,10,8,10,5,30
SH,603538,2017-12-29 09:37:33,27.0800,1,2708.0000,1,S,27.0000,26.9000,26.8700,26.8600,26.8500,27.0400,27.0900,27.1000,27.1100,27.1300,1,2,19,15,20,132,14,10,8,10
SH,603538,2017-12-29 09:38:03,27.0400,1,2704.0000,1,B,27.0000,26.9000,26.8800,26.8700,26.8600,27.0400,27.0700,27.0800,27.0900,27.1000,1,2,5,19,15,131,3,2,16,10
SH,603538,2017-12-29 09:38:51,26.9000,1,5380.0000,2,S,26.8800,26.8700,26.8600,26.8500,26.8400,26.9000,27.0300,27.0400,27.0700,27.0800,14,19,15,23,24,15,33,131,3,2
SH,603538,2017-12-29 09:39:06,26.9000,1,26900.0000,10,B,26.8800,26.8700,26.8600,26.8500,26.8400,26.9000,27.0300,27.0400,27.0700,27.0800,5,19,15,29,24,5,37,131,3,2
SH,603538,2017-12-29 09:39:09,26.8800,2,26880.0000,10,S,26.8700,26.8600,26.8500,26.8400,26.8300,26.8800,26.9000,27.0300,27.0400,27.0700,19,15,29,24,18,5,5,37,131,3
SH,603538,2017-12-29 09:39:18,26.9000,1,13450.0000,5,B,26.9000,26.8700,26.8600,26.8500,26.8400,27.0300,27.0400,27.0700,27.0800,27.0900,36,19,15,29,24,33,131,3,2,24
SH,603538,2017-12-29 09:40:45,26.9200,1,10768.0000,4,S,26.9100,26.9000,26.8800,26.8700,26.8600,26.9200,27.0000,27.0200,27.0300,27.0400,8,36,10,19,15,6,1,11,33,131
SH,603538,2017-12-29 09:41:36,26.9200,2,26920.0000,10,B,26.9100,26.9000,26.8700,26.8600,26.8500,26.9200,27.0300,27.0400,27.0700,27.0800,8,36,21,15,29,196,33,131,3,2
SH,603538,2017-12-29 09:41:42,26.9000,2,56498.0000,21,S,26.9000,26.8700,26.8600,26.8500,26.8400,26.9200,27.0300,27.0400,27.0700,27.0800,23,21,15,29,24,196,33,131,3,2
SH,603538,2017-12-29 09:42:45,26.9200,1,61916.0000,23,B,26.8700,26.8600,26.8500,26.8400,26.8300,26.9000,26.9200,27.0300,27.0400,27.0700,11,15,29,24,18,4,173,33,131,3
SH,603538,2017-12-29 09:44:03,26.8800,2,40320.0000,15,S,26.8700,26.8600,26.8500,26.8400,26.8300,26.8800,26.9000,26.9100,26.9200,27.0300,25,24,29,24,18,87,4,4,173,33
SH,603538,2017-12-29 09:44:57,26.8800,1,53760.0000,20,B,26.8700,26.8600,26.8500,26.8400,26.8300,26.8800,26.9000,26.9100,26.9200,27.0300,25,18,29,24,18,167,4,4,173,33
SH,603538,2017-12-29 09:45:03,26.8800,1,16128.0000,6,B,26.8700,26.8600,26.8500,26.8400,26.8300,26.8800,26.9000,26.9100,26.9200,27.0300,25,18,23,24,18,161,4,4,173,33
SH,603538,2017-12-29 09:45:12,26.8800,1,26880.0000,10,B,26.8700,26.8600,26.8500,26.8400,26.8300,26.8800,26.9000,26.9100,26.9200,27.0300,25,18,23,24,18,151,4,4,173,33
SH,603538,2017-12-29 09:45:27,26.8800,1,53760.0000,20,B,26.8700,26.8600,26.8500,26.8400,26.8300,26.8800,26.9000,26.9100,26.9200,27.0300,25,18,23,26,18,131,4,4,173,33
SH,603538,2017-12-29 09:45:33,26.8700,1,21496.0000,8,S,26.8700,26.8600,26.8500,26.8400,26.8300,26.8800,26.9000,26.9100,26.9200,27.0300,17,18,23,26,18,131,4,4,173,33
SH,603538,2017-12-29 09:45:39,26.8700,3,10748.0000,4,S,26.8700,26.8600,26.8500,26.8400,26.8300,26.8800,26.9000,26.9100,26.9200,27.0300,13,18,23,26,18,131,4,4,173,33
SH,603538,2017-12-29 09:45:45,26.8700,2,34931.0000,13,S,26.8600,26.8500,26.8400,26.8300,26.8200,26.8700,26.8800,26.9000,26.9100,26.9200,18,23,26,18,10,113,131,4,4,173
SH,603538,2017-12-29 09:46:00,26.8700,1,51053.0000,19,B,26.8600,26.8500,26.8400,26.8300,26.8200,26.8700,26.8800,26.9000,26.9200,27.0300,18,23,26,18,10,94,131,4,173,33
SH,603538,2017-12-29 09:46:09,26.8700,1,29557.0000,11,B,26.8600,26.8500,26.8400,26.8300,26.8200,26.8700,26.8800,26.9000,26.9200,27.0300,18,23,26,18,10,89,131,4,173,33
SH,603538,2017-12-29 09:46:15,26.8700,1,40305.0000,15,B,26.8600,26.8500,26.8400,26.8300,26.8200,26.8700,26.8800,26.9000,26.9200,27.0300,18,23,26,18,10,74,131,4,173,33
SH,603538,2017-12-29 09:46:48,26.8700,1,10748.0000,4,B,26.8600,26.8500,26.8400,26.8300,26.8200,26.8700,26.8800,26.9200,27.0300,27.0400,18,23,26,18,10,70,131,173,33,131
SH,603538,2017-12-29 09:47:00,26.8700,1,13435.0000,5,B,26.8600,26.8500,26.8400,26.8300,26.8200,26.8700,26.8800,26.9200,27.0300,27.0400,18,23,26,18,10,65,131,173,33,131
SH,603538,2017-12-29 09:47:09,26.8700,1,5374.0000,2,B,26.8600,26.8500,26.8400,26.8300,26.8200,26.8700,26.8800,26.9200,27.0300,27.0400,18,23,26,18,10,63,131,173,33,131
SH,603538,2017-12-29 09:48:21,26.8600,3,13430.0000,5,S,26.8600,26.8500,26.8400,26.8300,26.8200,26.8700,26.8800,26.9200,27.0300,27.0400,18,23,26,18,10,63,131,173,33,131
SH,603538,2017-12-29 09:48:27,26.8600,1,2686.0000,1,S,26.8600,26.8500,26.8400,26.8300,26.8200,26.8700,26.8800,26.9200,27.0300,27.0400,17,23,26,18,10,63,131,173,33,131
SH,603538,2017-12-29 09:48:30,26.8600,2,10744.0000,4,S,26.8600,26.8500,26.8400,26.8300,26.8200,26.8700,26.8800,26.9200,27.0300,27.0400,13,23,26,18,10,63,131,173,33,131
SH,603538,2017-12-29 09:48:42,26.8600,2,34918.0000,13,S,26.8500,26.8400,26.8300,26.8200,26.7600,26.8600,26.8700,26.8800,26.9200,27.0300,23,26,18,10,10,10,63,131,173,33
SH,603538,2017-12-29 09:48:48,26.8700,2,134340.0000,50,B,26.8500,26.8400,26.8300,26.8200,26.7600,26.8700,26.8800,26.9200,27.0300,27.0400,23,26,18,10,10,23,131,173,33,131
SH,603538,2017-12-29 09:49:33,26.8600,1,5372.0000,2,S,26.8500,26.8400,26.8300,26.8200,26.7600,26.8600,26.8700,26.8800,26.9200,27.0300,29,26,18,10,10,2,23,131,173,33
SH,603538,2017-12-29 09:49:54,26.8700,2,29555.0000,11,B,26.8600,26.8500,26.8400,26.8300,26.8200,26.8700,26.8800,26.9200,27.0300,27.0400,2,29,26,18,10,14,131,173,33,131
SH,603538,2017-12-29 09:50:21,26.8700,1,5374.0000,2,B,26.8600,26.8500,26.8400,26.8300,26.8200,26.8700,26.8800,26.9200,27.0300,27.0400,2,29,26,18,10,12,131,173,33,131
SH,603538,2017-12-29 09:50:36,26.8700,1,5374.0000,2,B,26.8600,26.8500,26.8400,26.8300,26.8200,26.8700,26.8800,26.9200,27.0300,27.0400,22,34,26,18,10,10,131,173,33,131
SH,603538,2017-12-29 09:50:39,26.8700,2,26870.0000,10,B,26.8700,26.8600,26.8500,26.8400,26.8300,26.8800,26.9200,27.0300,27.0400,27.0800,12,22,34,26,18,131,173,33,131,9
SH,603538,2017-12-29 09:50:57,26.8700,1,13435.0000,5,S,26.8700,26.8600,26.8500,26.8400,26.8300,26.8800,26.9200,27.0300,27.0400,27.0800,7,72,34,26,18,131,173,33,131,9
SH,603538,2017-12-29 09:51:12,26.8800,1,13440.0000,5,B,26.8700,26.8600,26.8500,26.8400,26.8300,26.8800,26.9200,27.0300,27.0400,27.0800,12,72,28,26,18,126,173,33,131,9
SH,603538,2017-12-29 09:51:30,26.8800,1,2688.0000,1,B,26.8700,26.8600,26.8500,26.8400,26.8300,26.8800,26.9200,27.0300,27.0400,27.0800,22,72,28,26,24,125,173,33,131,9
SH,603538,2017-12-29 09:51:39,26.8800,1,2688.0000,1,B,26.8700,26.8600,26.8500,26.8400,26.8300,26.8800,26.9200,27.0300,27.0400,27.0800,22,72,28,26,24,124,173,33,131,9
SH,603538,2017-12-29 09:52:36,26.8800,1,40320.0000,15,B,26.8700,26.8600,26.8500,26.8400,26.8300,26.8800,26.9200,27.0300,27.0400,27.0800,22,72,28,26,24,109,173,33,131,9
SH,603538,2017-12-29 09:52:48,26.8700,4,53740.0000,20,S,26.8700,26.8600,26.8500,26.8400,26.8300,26.8800,26.9200,27.0300,27.0400,27.0800,2,72,28,26,24,109,173,33,131,9
SH,603538,2017-12-29 09:53:51,26.8700,3,53740.0000,20,S,26.8700,26.8600,26.8500,26.8400,26.8300,26.8800,26.9200,27.0300,27.0400,27.0800,4,72,28,26,34,109,173,33,131,9
SH,603538,2017-12-29 09:53:57,26.8700,1,10748.0000,4,S,26.8600,26.8500,26.8400,26.8300,26.8200,26.8700,26.8800,26.9200,27.0300,27.0400,72,28,26,34,10,51,109,173,33,131
SH,603538,2017-12-29 09:54:12,26.8700,1,2687.0000,1,B,26.8600,26.8500,26.8400,26.8300,26.8200,26.8700,26.8800,26.9200,27.0300,27.0400,72,28,26,34,10,50,109,173,33,131
SH,603538,2017-12-29 09:54:36,26.8600,2,26860.0000,10,S,26.8600,26.8500,26.8400,26.8300,26.8200,26.8700,26.8800,26.9200,27.0300,27.0400,62,28,26,34,10,50,109,173,33,131
SH,603538,2017-12-29 09:55:00,26.8600,2,126242.0000,47,S,26.8600,26.8500,26.8400,26.8300,26.8200,26.8700,26.8800,26.9200,27.0300,27.0400,21,28,26,34,10,50,109,173,33,131
SH,603538,2017-12-29 09:55:03,26.8600,1,18802.0000,7,S,26.8600,26.8500,26.8400,26.8300,26.8200,26.8700,26.8800,26.9200,27.0300,27.0400,14,28,26,34,10,50,109,173,33,131
SH,603538,2017-12-29 09:56:00,26.8500,5,83251.0000,31,S,26.8500,26.8400,26.8300,26.8200,26.7600,26.8700,26.8800,26.9200,27.0300,27.0400,13,26,34,10,10,50,109,173,33,131
SH,603538,2017-12-29 09:56:36,26.8500,1,13425.0000,5,S,26.8500,26.8400,26.8300,26.8200,26.7600,26.8600,26.8700,26.8800,26.9200,27.0300,8,26,34,10,10,1,5,109,173,33
SH,603538,2017-12-29 09:56:45,26.8500,2,21480.0000,8,S,26.8400,26.8300,26.8200,26.7600,26.7300,26.8500,26.8600,26.8700,26.8800,26.9200,26,34,10,10,4,37,1,5,109,173
SH,603538,2017-12-29 09:57:24,26.8500,1,53700.0000,20,B,26.8400,26.8300,26.8200,26.7600,26.7300,26.8500,26.8600,26.8700,26.8800,26.9200,26,34,10,13,4,17,1,9,109,173
SH,603538,2017-12-29 09:57:42,26.8500,1,13425.0000,5,B,26.8400,26.8300,26.8200,26.7600,26.7300,26.8500,26.8600,26.8700,26.8800,26.9200,26,34,10,13,4,12,1,9,109,173
SH,603538,2017-12-29 09:57:51,26.8400,2,13420.0000,5,S,26.8400,26.8300,26.8200,26.7600,26.7300,26.8500,26.8600,26.8700,26.8800,26.9200,21,41,10,13,4,12,1,9,109,173
SH,603538,2017-12-29 09:58:18,26.8500,1,10740.0000,4,B,26.8400,26.8300,26.8200,26.7600,26.7300,26.8500,26.8600,26.8700,26.8800,26.9200,23,41,10,13,4,8,1,19,109,173
SH,603538,2017-12-29 09:58:30,26.8500,1,10740.0000,4,B,26.8400,26.8300,26.8200,26.7600,26.7300,26.8500,26.8600,26.8700,26.8800,26.9200,23,41,10,13,9,4,1,19,109,173
SH,603538,2017-12-29 09:58:57,26.8500,1,8055.0000,3,B,26.8400,26.8300,26.8200,26.7600,26.7300,26.8500,26.8600,26.8700,26.8800,26.9200,23,41,10,13,9,24,1,19,109,173
SH,603538,2017-12-29 09:59:00,26.8500,2,26850.0000,10,B,26.8400,26.8300,26.8200,26.7600,26.7300,26.8500,26.8600,26.8700,26.8800,26.9200,23,41,10,13,9,14,1,19,109,173
SH,603538,2017-12-29 09:59:03,26.8400,1,5368.0000,2,S,26.8400,26.8300,26.8200,26.7600,26.7300,26.8500,26.8600,26.8700,26.8800,26.9200,21,41,10,13,9,14,1,19,109,173
SH,603538,2017-12-29 09:59:21,26.8500,1,2685.0000,1,B,26.8400,26.8300,26.8200,26.7600,26.7300,26.8500,26.8600,26.8700,26.8800,26.9200,21,41,10,13,11,13,1,19,109,173
SH,603538,2017-12-29 09:59:27,26.8400,6,53680.0000,20,S,26.8400,26.8300,26.8200,26.7600,26.7300,26.8500,26.8600,26.8700,26.8800,26.9200,1,41,10,13,11,13,1,19,109,173
SH,603538,2017-12-29 10:00:21,26.8500,1,2685.0000,1,B,26.8400,26.8300,26.8200,26.7600,26.7300,26.8500,26.8600,26.8700,26.8800,26.9200,11,41,10,13,25,12,1,19,109,181
SH,603538,2017-12-29 10:00:39,26.8400,3,26840.0000,10,S,26.8400,26.8300,26.8200,26.7600,26.7300,26.8500,26.8600,26.8700,26.8800,26.9200,1,41,10,13,25,12,45,19,109,181
SH,603538,2017-12-29 10:00:48,26.8400,1,2684.0000,1,S,26.8300,26.8200,26.7600,26.7300,26.7200,26.8400,26.8500,26.8600,26.8700,26.8800,41,10,13,25,2,4,22,45,19,109
SH,603538,2017-12-29 10:01:15,26.8300,5,88539.0000,33,S,26.8300,26.8200,26.7600,26.7300,26.7200,26.8400,26.8500,26.8600,26.8700,26.8800,2,10,13,25,2,4,22,45,19,109
SH,603538,2017-12-29 10:01:18,26.8300,1,2683.0000,1,S,26.8300,26.8200,26.7600,26.7300,26.7200,26.8400,26.8500,26.8600,26.8700,26.8800,1,10,13,25,2,4,22,45,19,109
SH,603538,2017-12-29 10:01:36,26.8300,1,2683.0000,1,S,26.8200,26.7600,26.7300,26.7200,26.7000,26.8300,26.8400,26.8500,26.8600,26.8700,10,13,25,2,116,4,10,22,45,19
SH,603538,2017-12-29 10:01:51,26.8200,1,5364.0000,2,S,26.8200,26.7600,26.7300,26.7200,26.7000,26.8300,26.8400,26.8500,26.8600,26.8700,8,13,25,2,116,7,10,22,45,19
SH,603538,2017-12-29 10:02:24,26.8200,1,18774.0000,7,S,26.8200,26.7600,26.7300,26.7200,26.7000,26.8300,26.8400,26.8500,26.8600,26.8700,1,14,25,2,116,7,10,22,1,19
SH,603538,2017-12-29 10:02:27,26.8200,1,2682.0000,1,S,26.7600,26.7300,26.7200,26.7000,26.6900,26.8200,26.8300,26.8400,26.8500,26.8600,14,25,2,116,55,19,7,10,22,1
SH,603538,2017-12-29 10:03:18,26.7700,1,8031.0000,3,S,26.7700,26.7600,26.7300,26.7200,26.7000,26.8200,26.8300,26.8400,26.8500,26.8600,2,14,25,2,116,32,4,10,22,1
SH,603538,2017-12-29 10:03:42,26.8200,1,2682.0000,1,B,26.7800,26.7700,26.7600,26.7300,26.7200,26.8200,26.8300,26.8400,26.8500,26.8600,2,2,14,25,6,31,4,10,22,1
SH,603538,2017-12-29 10:03:57,26.7600,8,61554.0000,23,S,26.7300,26.7200,26.7100,26.7000,26.6900,26.7600,26.8200,26.8300,26.8400,26.8500,25,6,5,116,55,1,31,4,10,22
SH,603538,2017-12-29 10:04:18,26.7600,1,2676.0000,1,B,26.7900,26.7600,26.7400,26.7300,26.7200,26.8200,26.8300,26.8400,26.8500,26.8600,10,2,7,30,6,21,4,10,22,1
SH,603538,2017-12-29 10:05:00,26.7900,1,2679.0000,1,S,26.7900,26.7600,26.7400,26.7300,26.7200,26.8200,26.8300,26.8400,26.8500,26.8600,9,7,5,25,16,21,4,10,22,1
SH,603538,2017-12-29 10:05:15,26.8200,1,2682.0000,1,B,26.7900,26.7600,26.7400,26.7300,26.7200,26.8200,26.8300,26.8400,26.8500,26.8600,9,8,5,25,16,20,4,6,22,1
SH,603538,2017-12-29 10:05:24,26.8200,1,5364.0000,2,B,26.7900,26.7600,26.7400,26.7300,26.7200,26.8200,26.8300,26.8400,26.8500,26.8600,9,7,5,25,16,18,4,6,22,1
SH,603538,2017-12-29 10:05:42,26.7900,1,10716.0000,4,S,26.7900,26.7600,26.7400,26.7300,26.7200,26.8000,26.8200,26.8300,26.8400,26.8500,5,7,5,25,16,11,18,4,6,22
SH,603538,2017-12-29 10:05:45,26.8000,1,5360.0000,2,B,26.7900,26.7600,26.7400,26.7300,26.7200,26.8000,26.8200,26.8300,26.8400,26.8500,5,7,5,25,26,9,18,4,6,22
SH,603538,2017-12-29 10:06:33,26.7900,1,13395.0000,5,S,26.7700,26.7600,26.7500,26.7400,26.7300,26.7900,26.8000,26.8200,26.8300,26.8400,3,10,9,10,25,2,21,18,4,6
SH,603538,2017-12-29 10:06:36,26.8000,2,26798.0000,10,B,26.7700,26.7600,26.7500,26.7400,26.7300,26.8000,26.8200,26.8300,26.8400,26.8500,3,10,9,10,25,13,18,4,6,22
SH,603538,2017-12-29 10:07:48,26.8000,1,2680.0000,1,B,26.7700,26.7600,26.7500,26.7400,26.7300,26.8000,26.8200,26.8300,26.8400,26.8500,4,10,9,10,25,12,18,4,6,22
SH,603538,2017-12-29 10:08:09,26.7600,6,93704.0000,35,S,26.7500,26.7400,26.7300,26.7200,26.7100,26.7600,26.8000,26.8200,26.8300,26.8400,9,10,25,26,13,1,12,18,4,6
SH,603538,2017-12-29 10:08:15,26.8000,2,10716.0000,4,B,26.7500,26.7400,26.7300,26.7200,26.7100,26.8000,26.8200,26.8300,26.8400,26.8500,9,10,25,26,13,9,18,4,6,22
SH,603538,2017-12-29 10:08:21,26.7400,3,50815.0000,19,S,26.7300,26.7200,26.7100,26.7000,26.6900,26.7400,26.8000,26.8200,26.8300,26.8400,25,26,13,121,55,6,9,18,4,6
SH,603538,2017-12-29 10:08:51,26.7300,5,37422.0000,14,S,26.7300,26.7200,26.7100,26.7000,26.6900,26.7400,26.8000,26.8200,26.8300,26.8400,11,26,13,121,55,8,9,18,4,6
SH,603538,2017-12-29 10:09:15,26.7300,2,18712.0000,7,S,26.7300,26.7200,26.7100,26.7000,26.6900,26.8000,26.8200,26.8300,26.8400,26.8500,5,26,24,131,55,14,18,4,6,22
SH,603538,2017-12-29 10:09:42,26.7300,1,5346.0000,2,S,26.7300,26.7200,26.7100,26.7000,26.6900,26.8000,26.8200,26.8300,26.8400,26.8500,3,26,24,131,55,16,18,4,6,22
SH,603538,2017-12-29 10:09:51,26.7300,1,5346.0000,2,S,26.7300,26.7200,26.7100,26.7000,26.6900,26.8000,26.8200,26.8300,26.8400,26.8500,1,28,24,131,55,16,18,4,6,22
SH,603538,2017-12-29 10:09:54,26.7300,1,2673.0000,1,S,26.7200,26.7100,26.7000,26.6900,26.6800,26.7300,26.8000,26.8200,26.8300,26.8400,28,24,131,55,16,4,16,18,4,6
SH,603538,2017-12-29 10:10:03,26.7300,1,8019.0000,3,B,26.7200,26.7100,26.7000,26.6900,26.6800,26.7300,26.8000,26.8200,26.8300,26.8400,28,24,131,55,16,1,16,18,4,6
SH,603538,2017-12-29 10:10:18,26.7300,1,2673.0000,1,B,26.7200,26.7100,26.7000,26.6900,26.6800,26.7900,26.8000,26.8200,26.8300,26.8400,26,24,131,55,16,4,16,18,4,6
SH,603538,2017-12-29 10:11:12,26.7900,1,2679.0000,1,B,26.7300,26.7200,26.7100,26.7000,26.6900,26.7800,26.7900,26.8000,26.8200,26.8300,1,25,24,131,55,10,27,16,18,4
SH,603538,2017-12-29 10:11:39,26.7300,2,8019.0000,3,S,26.7300,26.7200,26.7100,26.7000,26.6900,26.7800,26.7900,26.8000,26.8200,26.8300,7,25,24,131,55,10,26,16,18,4
SH,603538,2017-12-29 10:11:54,26.7300,3,18711.0000,7,S,26.7200,26.7100,26.7000,26.6900,26.6800,26.7300,26.7700,26.7800,26.7900,26.8000,25,24,131,55,16,37,5,10,26,16
SH,603538,2017-12-29 10:12:09,26.7300,1,98901.0000,37,B,26.7200,26.7100,26.7000,26.6900,26.6800,26.7700,26.7800,26.7900,26.8000,26.8200,25,25,131,55,21,6,10,26,16,18
SH,603538,2017-12-29 10:12:54,26.7300,1,2673.0000,1,S,26.7300,26.7200,26.7100,26.7000,26.6900,26.7700,26.7800,26.7900,26.8000,26.8200,3,25,24,131,55,21,10,26,16,18
SH,603538,2017-12-29 10:13:12,26.7700,1,13385.0000,5,B,26.7300,26.7200,26.7100,26.7000,26.6900,26.7700,26.7800,26.7900,26.8000,26.8200,3,25,24,131,55,16,10,26,16,18
SH,603538,2017-12-29 10:13:21,26.7300,2,8019.0000,3,S,26.7200,26.7100,26.7000,26.6900,26.6800,26.7300,26.7700,26.7800,26.7900,26.8000,25,39,131,55,21,17,16,10,26,16
SH,603538,2017-12-29 10:13:33,26.7700,4,88261.0000,33,B,26.7200,26.7100,26.7000,26.6900,26.6800,26.7700,26.7800,26.7900,26.8000,26.8200,25,39,131,55,21,3,10,26,14,18
SH,603538,2017-12-29 10:13:45,26.7200,3,16032.0000,6,S,26.7200,26.7100,26.7000,26.6900,26.6800,26.7700,26.7800,26.7900,26.8000,26.8200,19,39,131,55,21,3,10,26,14,18
SH,603538,2017-12-29 10:13:57,26.7000,10,245717.0000,92,S,26.7000,26.6900,26.6800,26.6600,26.6500,26.7700,26.7800,26.7900,26.8000,26.8200,97,55,21,1,34,3,10,26,14,18
SH,603538,2017-12-29 10:14:09,26.7000,2,162870.0000,61,S,26.7000,26.6900,26.6800,26.6600,26.6500,26.7700,26.7800,26.7900,26.8000,26.8200,36,55,21,1,34,3,10,26,14,18
SH,603538,2017-12-29 10:14:15,26.7000,6,61410.0000,23,S,26.7000,26.6900,26.6800,26.6600,26.6500,26.7700,26.7800,26.7900,26.8000,26.8200,13,55,21,1,34,3,10,26,14,18
SH,603538,2017-12-29 10:14:27,26.7000,2,34710.0000,13,S,26.6900,26.6800,26.6600,26.6500,26.6300,26.7000,26.7700,26.7800,26.7900,26.8000,55,21,1,34,1,17,3,10,23,9
SH,603538,2017-12-29 10:14:36,26.6900,1,29359.0000,11,S,26.6900,26.6800,26.6600,26.6500,26.6300,26.7000,26.7500,26.7700,26.7800,26.7900,44,21,1,34,2,17,5,3,10,23
SH,603538,2017-12-29 10:14:42,26.6900,1,34697.0000,13,S,26.6900,26.6800,26.6600,26.6500,26.6300,26.7000,26.7500,26.7700,26.7800,26.7900,31,21,1,39,2,17,5,3,10,23
SH,603538,2017-12-29 10:14:45,26.7000,1,37380.0000,14,B,26.6900,26.6800,26.6600,26.6500,26.6300,26.7000,26.7500,26.7700,26.7800,26.7900,31,21,1,39,2,3,5,3,10,23
SH,603538,2017-12-29 10:15:00,26.6900,1,8007.0000,3,S,26.6900,26.6800,26.6600,26.6500,26.6300,26.7000,26.7500,26.7700,26.7800,26.7900,28,21,1,39,2,3,5,3,10,23
SH,603538,2017-12-29 10:15:06,26.6900,1,74732.0000,28,S,26.6800,26.6600,26.6500,26.6300,26.6200,26.6900,26.7000,26.7500,26.7700,26.7800,21,1,39,2,4,2,3,5,3,10
SH,603538,2017-12-29 10:15:09,26.6900,1,2669.0000,1,B,26.6800,26.6600,26.6500,26.6300,26.6200,26.6900,26.7000,26.7500,26.7700,26.7800,21,1,39,2,4,1,3,5,3,10
SH,603538,2017-12-29 10:15:18,26.6800,3,26680.0000,10,S,26.6800,26.6600,26.6500,26.6300,26.6200,26.6900,26.7000,26.7500,26.7700,26.7900,6,1,39,2,4,1,3,5,3,23
SH,603538,2017-12-29 10:15:21,26.6900,1,2669.0000,1,B,26.6800,26.6600,26.6500,26.6300,26.6200,26.7000,26.7500,26.7700,26.7900,26.8000,6,1,39,2,4,3,5,3,23,9
SH,603538,2017-12-29 10:15:30,26.6800,1,8004.0000,3,S,26.6800,26.6600,26.6500,26.6300,26.6200,26.7000,26.7500,26.7700,26.7900,26.8000,3,1,39,2,4,3,5,3,23,9
SH,603538,2017-12-29 10:15:54,26.6900,1,13345.0000,5,S,26.6800,26.6600,26.6500,26.6300,26.6200,26.7000,26.7500,26.7700,26.7900,26.8000,3,1,39,2,4,34,5,3,23,9
SH,603538,2017-12-29 10:16:00,26.6800,1,5336.0000,2,S,26.6800,26.6600,26.6500,26.6300,26.6200,26.7000,26.7500,26.7700,26.7900,26.8000,1,1,39,2,4,34,5,3,23,9
SH,603538,2017-12-29 10:16:24,26.6800,4,24012.0000,9,S,26.6600,26.6500,26.6300,26.6200,26.6100,26.6800,26.7000,26.7500,26.7700,26.7900,1,39,2,4,20,1,3,5,3,3
SH,603538,2017-12-29 10:16:27,26.6800,1,2668.0000,1,B,26.6800,26.6600,26.6500,26.6300,26.6200,26.7000,26.7500,26.7700,26.7900,26.8000,4,1,39,2,4,3,5,3,3,9
SH,603538,2017-12-29 10:16:45,26.6800,1,10672.0000,4,S,26.6600,26.6500,26.6300,26.6200,26.6100,26.6800,26.7000,26.7500,26.7700,26.7900,10,39,2,4,20,6,3,5,3,3
SH,603538,2017-12-29 10:16:48,26.6500,4,47980.0000,18,S,26.6500,26.6300,26.6200,26.6100,26.6000,26.6800,26.7000,26.7500,26.7700,26.7900,31,2,4,20,50,6,3,5,3,3
SH,603538,2017-12-29 10:16:54,26.6800,1,5336.0000,2,B,26.6500,26.6300,26.6200,26.6100,26.6000,26.6800,26.7000,26.7500,26.7700,26.7900,31,2,4,20,53,4,3,5,3,3
SH,603538,2017-12-29 10:17:12,26.6800,1,10672.0000,4,B,26.6800,26.6700,26.6600,26.6500,26.6300,26.7000,26.7500,26.7700,26.8000,26.8200,1,20,55,33,2,3,5,3,9,18
SH,603538,2017-12-29 10:17:42,26.6800,2,5336.0000,2,S,26.6700,26.6600,26.6500,26.6300,26.6200,26.7000,26.7500,26.7700,26.8000,26.8200,20,55,35,2,6,3,5,3,9,18
SH,603538,2017-12-29 10:17:45,26.7000,1,5340.0000,2,B,26.6800,26.6700,26.6600,26.6500,26.6300,26.7000,26.7500,26.7700,26.8000,26.8200,3,20,55,35,2,1,5,3,9,18
SH,603538,2017-12-29 10:19:30,26.7000,2,5340.0000,2,B,26.6800,26.6700,26.6600,26.6500,26.6300,26.7500,26.7700,26.8000,26.8200,26.8300,9,20,50,33,2,5,3,9,18,4
SH,603538,2017-12-29 10:19:48,26.7500,1,13375.0000,5,B,26.7500,26.6900,26.6800,26.6700,26.6600,26.7700,26.8000,26.8200,26.8300,26.8500,5,10,9,20,50,3,9,18,4,10
SH,603538,2017-12-29 10:19:54,26.6900,2,24051.0000,9,S,26.6900,26.6800,26.6700,26.6600,26.6500,26.7700,26.8000,26.8200,26.8300,26.8500,6,9,20,50,38,3,9,18,4,10
SH,603538,2017-12-29 10:20:15,26.7700,1,8031.0000,3,B,26.6900,26.6800,26.6700,26.6600,26.6500,26.8000,26.8200,26.8300,26.8500,26.8600,6,9,20,50,38,9,18,4,10,1
SH,603538,2017-12-29 10:22:12,26.7000,1,13350.0000,5,S,26.6900,26.6800,26.6700,26.6600,26.6500,26.7900,26.8000,26.8200,26.8300,26.8500,8,13,20,50,36,13,9,18,4,20
SH,603538,2017-12-29 10:23:21,26.7000,1,8010.0000,3,S,26.7000,26.6900,26.6800,26.6700,26.6600,26.7900,26.8000,26.8200,26.8300,26.8500,18,8,12,24,51,10,9,18,4,20
SH,603538,2017-12-29 10:23:45,26.7000,1,10680.0000,4,S,26.7000,26.6900,26.6800,26.6700,26.6600,26.7900,26.8000,26.8200,26.8300,26.8500,14,8,9,24,51,10,9,18,4,20
SH,603538,2017-12-29 10:24:18,26.7000,2,37380.0000,14,S,26.7000,26.6900,26.6800,26.6700,26.6600,26.7900,26.8000,26.8200,26.8300,26.8500,3,8,10,24,51,10,9,18,4,20
SH,603538,2017-12-29 10:24:45,26.7000,1,5340.0000,2,S,26.7000,26.6900,26.6800,26.6700,26.6600,26.7900,26.8000,26.8200,26.8300,26.8500,6,8,15,24,51,10,9,18,4,20
SH,603538,2017-12-29 10:26:30,26.7900,1,13395.0000,5,B,26.7100,26.7000,26.6900,26.6800,26.6700,26.7900,26.8000,26.8200,26.8300,26.8500,2,10,6,15,26,5,9,18,4,20
SH,603538,2017-12-29 10:27:00,26.7100,2,10684.0000,4,S,26.7000,26.6900,26.6800,26.6700,26.6600,26.7100,26.7900,26.8000,26.8200,26.8300,10,6,15,26,51,8,12,9,18,4
SH,603538,2017-12-29 10:27:18,26.7100,1,21368.0000,8,B,26.7000,26.6900,26.6800,26.6700,26.6600,26.7900,26.8000,26.8200,26.8300,26.8500,10,6,14,26,51,12,9,18,4,20
SH,603538,2017-12-29 10:34:39,26.7400,1,8022.0000,3,S,26.7400,26.7300,26.7100,26.7000,26.6900,26.7900,26.8000,26.8200,26.8300,26.8400,2,3,36,10,8,12,9,18,4,4
SH,603538,2017-12-29 10:35:06,26.7100,4,72129.0000,27,S,26.7100,26.7000,26.6900,26.6800,26.6700,26.7900,26.8000,26.8200,26.8300,26.8400,14,10,8,11,26,12,9,18,4,4
SH,603538,2017-12-29 10:35:24,26.7100,1,2671.0000,1,S,26.7100,26.7000,26.6900,26.6800,26.6700,26.7900,26.8000,26.8200,26.8300,26.8400,13,10,8,11,26,12,9,18,4,4
SH,603538,2017-12-29 10:35:36,26.7900,2,32148.0000,12,B,26.7100,26.7000,26.6900,26.6800,26.6700,26.8000,26.8200,26.8300,26.8400,26.8500,13,10,8,11,26,9,18,4,4,10
SH,603538,2017-12-29 10:36:45,26.7100,1,8013.0000,3,S,26.7100,26.7000,26.6900,26.6800,26.6700,26.7800,26.8000,26.8200,26.8300,26.8400,10,10,8,11,26,100,9,18,4,4
SH,603538,2017-12-29 10:38:03,26.7800,1,2678.0000,1,B,26.7200,26.7100,26.7000,26.6900,26.6800,26.7800,26.8000,26.8200,26.8300,26.8500,5,10,10,8,11,99,9,18,4,10
SH,603538,2017-12-29 10:39:45,26.7200,1,13360.0000,5,S,26.7100,26.7000,26.6900,26.6800,26.6700,26.7800,26.7900,26.8000,26.8200,26.8300,83,10,8,11,6,99,11,9,18,4
SH,603538,2017-12-29 10:41:48,26.7200,2,10688.0000,4,S,26.7100,26.7000,26.6900,26.6800,26.6700,26.7200,26.7800,26.8000,26.8200,26.8300,83,10,8,11,2,7,99,9,18,4
SH,603538,2017-12-29 10:42:09,26.7200,1,8016.0000,3,B,26.7100,26.7000,26.6900,26.6800,26.6700,26.7200,26.7800,26.8000,26.8200,26.8300,83,10,8,11,2,4,99,9,18,4
SH,603538,2017-12-29 10:42:12,26.7200,1,2672.0000,1,B,26.7100,26.7000,26.6900,26.6800,26.6700,26.7200,26.7800,26.8000,26.8200,26.8300,83,10,8,11,2,3,99,9,18,4
SH,603538,2017-12-29 10:43:15,26.7100,2,50749.0000,19,S,26.7100,26.7000,26.6900,26.6800,26.6700,26.7200,26.7800,26.8000,26.8200,26.8300,64,10,8,11,2,3,99,9,18,4
SH,603538,2017-12-29 10:45:15,26.7100,1,26710.0000,10,S,26.7100,26.7000,26.6900,26.6800,26.6700,26.7200,26.7800,26.8000,26.8200,26.8300,56,10,8,11,2,3,99,9,18,4
SH,603538,2017-12-29 10:45:42,26.7200,1,8016.0000,3,B,26.7200,26.7100,26.7000,26.6900,26.6800,26.7800,26.8000,26.8200,26.8300,26.8500,7,56,10,8,11,99,9,18,4,10
SH,603538,2017-12-29 10:47:15,26.7800,1,53560.0000,20,B,26.7500,26.7200,26.7100,26.7000,26.6900,26.7800,26.8000,26.8200,26.8300,26.8500,6,7,56,10,8,79,9,18,4,10
SH,603538,2017-12-29 10:48:42,26.7800,1,2678.0000,1,B,26.7600,26.7500,26.7200,26.7100,26.7000,26.7800,26.8000,26.8200,26.8300,26.8500,1,6,7,56,10,160,9,18,4,10
SH,603538,2017-12-29 10:50:30,26.7800,1,13390.0000,5,B,26.7600,26.7500,26.7200,26.7100,26.7000,26.7800,26.8000,26.8200,26.8300,26.8500,12,6,7,56,10,155,9,18,4,10
SH,603538,2017-12-29 10:51:12,26.7600,2,8028.0000,3,S,26.7600,26.7500,26.7100,26.7000,26.6900,26.7800,26.8000,26.8200,26.8300,26.8500,9,6,56,10,8,155,9,18,4,10
SH,603538,2017-12-29 10:51:30,26.7600,1,24084.0000,9,S,26.7500,26.7100,26.7000,26.6900,26.6800,26.7600,26.7800,26.8000,26.8200,26.8300,6,56,10,8,11,42,73,9,18,4
SH,603538,2017-12-29 10:51:57,26.7500,1,8025.0000,3,S,26.7500,26.7100,26.7000,26.6900,26.6800,26.7600,26.7800,26.8000,26.8200,26.8300,3,56,10,8,11,124,73,9,18,4
SH,603538,2017-12-29 10:53:24,26.7500,1,8025.0000,3,S,26.7200,26.7100,26.7000,26.6900,26.6800,26.7500,26.7600,26.7800,26.8000,26.8200,3,56,10,8,11,7,124,73,9,18
SH,603538,2017-12-29 10:55:12,26.7400,1,2674.0000,1,B,26.7400,26.7200,26.7100,26.7000,26.6900,26.7500,26.7600,26.7800,26.8000,26.8200,1,1,56,10,8,89,42,73,9,18
SH,603538,2017-12-29 10:55:42,26.7400,1,2674.0000,1,S,26.7200,26.7100,26.7000,26.6900,26.6800,26.7400,26.7500,26.7600,26.7800,26.8000,1,56,10,8,11,81,7,42,73,9
SH,603538,2017-12-29 10:57:45,26.7400,1,2674.0000,1,B,26.7200,26.7100,26.7000,26.6900,26.6800,26.7400,26.7500,26.7600,26.7800,26.8000,4,56,9,8,11,85,7,42,73,9
SH,603538,2017-12-29 10:58:03,26.7100,3,80134.0000,30,S,26.7100,26.7000,26.6900,26.6800,26.6700,26.7400,26.7500,26.7600,26.7800,26.8000,30,9,8,11,2,85,7,42,73,9
SH,603538,2017-12-29 10:59:48,26.7100,2,80130.0000,30,S,26.7000,26.6900,26.6800,26.6700,26.6600,26.7100,26.7400,26.7500,26.7600,26.7800,9,8,26,2,64,50,5,7,42,73
SH,603538,2017-12-29 11:00:06,26.7000,2,18690.0000,7,S,26.7000,26.6900,26.6800,26.6700,26.6600,26.7100,26.7400,26.7500,26.7600,26.7800,2,8,26,2,64,50,5,7,42,73
SH,603538,2017-12-29 11:00:18,26.6900,2,21354.0000,8,S,26.6900,26.6800,26.6700,26.6600,26.6500,26.7100,26.7400,26.7500,26.7600,26.7800,2,26,2,64,31,50,5,7,42,73
SH,603538,2017-12-29 11:00:30,26.7100,1,10684.0000,4,B,26.6900,26.6800,26.6700,26.6600,26.6500,26.7100,26.7400,26.7500,26.7600,26.7800,2,26,2,64,31,46,5,7,42,73
SH,603538,2017-12-29 11:01:27,26.7100,1,8013.0000,3,B,26.6900,26.6800,26.6700,26.6600,26.6500,26.7100,26.7400,26.7500,26.7600,26.7800,14,26,2,64,31,43,5,7,42,73
SH,603538,2017-12-29 11:01:42,26.7100,1,13355.0000,5,B,26.6900,26.6800,26.6700,26.6600,26.6500,26.7100,26.7400,26.7500,26.7600,26.7800,14,26,2,64,31,38,5,7,42,73
SH,603538,2017-12-29 11:01:54,26.7100,1,82801.0000,31,B,26.6900,26.6800,26.6700,26.6600,26.6500,26.7100,26.7400,26.7500,26.7600,26.7800,14,26,2,64,31,7,5,7,42,73
SH,603538,2017-12-29 11:01:57,26.7100,1,18697.0000,7,B,26.7100,26.6900,26.6800,26.6700,26.6600,26.7400,26.7500,26.7600,26.7800,26.8000,3,14,26,2,64,5,7,42,73,9
SH,603538,2017-12-29 11:02:21,26.7400,1,2674.0000,1,B,26.7100,26.7000,26.6900,26.6800,26.6700,26.7400,26.7500,26.7600,26.7800,26.8000,21,2,14,26,2,4,7,42,73,9
SH,603538,2017-12-29 11:03:00,26.7400,1,10696.0000,4,B,26.7100,26.7000,26.6900,26.6800,26.6700,26.7500,26.7600,26.7800,26.8000,26.8200,13,2,14,26,2,7,42,73,9,18
SH,603538,2017-12-29 11:03:57,26.7100,1,2671.0000,1,S,26.7100,26.7000,26.6900,26.6800,26.6700,26.7500,26.7600,26.7800,26.8000,26.8200,9,2,4,26,2,7,42,73,9,18
SH,603538,2017-12-29 11:04:48,26.7100,1,10684.0000,4,S,26.7100,26.7000,26.6900,26.6800,26.6700,26.7500,26.7600,26.7800,26.8000,26.8200,5,2,4,26,2,7,42,73,9,18
SH,603538,2017-12-29 11:05:12,26.7100,1,13355.0000,5,S,26.7000,26.6900,26.6800,26.6700,26.6600,26.7100,26.7500,26.7600,26.7800,26.8000,4,4,26,2,64,8,7,42,73,9
SH,603538,2017-12-29 11:06:18,26.7000,1,5340.0000,2,S,26.7000,26.6900,26.6800,26.6700,26.6600,26.7100,26.7500,26.7600,26.7800,26.8000,2,5,26,2,64,8,7,42,73,9
SH,603538,2017-12-29 11:06:27,26.7100,1,21368.0000,8,B,26.7100,26.7000,26.6900,26.6800,26.6700,26.7500,26.7600,26.7800,26.8000,26.8200,7,2,5,26,2,7,42,73,9,18
SH,603538,2017-12-29 11:08:30,26.7100,1,2671.0000,1,S,26.7100,26.7000,26.6900,26.6800,26.6700,26.7500,26.7600,26.7800,26.8000,26.8200,57,7,31,31,2,7,42,73,9,18
SH,603538,2017-12-29 11:10:57,26.7800,3,267695.0000,100,B,26.7300,26.7200,26.7100,26.7000,26.6900,26.7800,26.8000,26.8200,26.8300,26.8500,5,3,59,8,31,22,9,18,4,10
SH,603538,2017-12-29 11:12:24,26.7400,1,2674.0000,1,S,26.7400,26.7300,26.7200,26.7100,26.7000,26.7800,26.8000,26.8200,26.8300,26.8500,19,5,3,59,7,22,9,18,4,10
SH,603538,2017-12-29 11:13:00,26.7800,1,32136.0000,12,B,26.7500,26.7400,26.7300,26.7200,26.7100,26.7800,26.8000,26.8200,26.8300,26.8500,2,19,5,3,59,10,9,18,4,10
SH,603538,2017-12-29 11:13:21,26.7800,1,8034.0000,3,B,26.7500,26.7300,26.7200,26.7100,26.7000,26.7800,26.8000,26.8200,26.8300,26.8500,2,5,3,59,7,7,9,18,4,10
SH,603538,2017-12-29 11:14:00,26.7800,1,5356.0000,2,B,26.7600,26.7500,26.7300,26.7200,26.7100,26.7800,26.8000,26.8200,26.8300,26.8500,20,2,5,3,59,5,9,18,4,10
SH,603538,2017-12-29 11:16:12,26.7800,1,5356.0000,2,B,26.7600,26.7500,26.7300,26.7200,26.7100,26.7800,26.8000,26.8200,26.8300,26.8500,20,2,5,3,59,3,9,18,4,10
SH,603538,2017-12-29 11:19:00,26.7600,1,10704.0000,4,S,26.7600,26.7200,26.7100,26.7000,26.6900,26.7800,26.8000,26.8200,26.8500,26.8600,16,3,59,7,31,3,9,18,10,1
SH,603538,2017-12-29 11:19:03,26.7800,1,8034.0000,3,B,26.7800,26.7600,26.7200,26.7100,26.7000,26.8000,26.8200,26.8500,26.8600,26.8700,38,16,3,59,7,9,18,10,1,36
SH,603538,2017-12-29 11:19:33,26.7800,1,5356.0000,2,S,26.7800,26.7600,26.7200,26.7100,26.7000,26.8000,26.8200,26.8500,26.8600,26.8700,36,16,3,59,7,9,18,10,1,36
SH,603538,2017-12-29 11:19:48,26.8000,1,5360.0000,2,B,26.7800,26.7600,26.7200,26.7100,26.7000,26.8000,26.8200,26.8500,26.8600,26.8700,36,16,3,59,7,7,18,10,1,36
SH,603538,2017-12-29 11:19:57,26.7800,1,50882.0000,19,S,26.7800,26.7600,26.7200,26.7100,26.7000,26.8000,26.8200,26.8500,26.8600,26.8700,17,16,3,59,7,7,18,10,1,36
SH,603538,2017-12-29 11:20:09,26.8000,1,16080.0000,6,B,26.7800,26.7600,26.7200,26.7100,26.7000,26.8000,26.8200,26.8500,26.8600,26.8700,17,16,3,59,7,1,18,10,1,36
SH,603538,2017-12-29 11:20:24,26.7800,1,45526.0000,17,S,26.7600,26.7200,26.7100,26.7000,26.6900,26.8000,26.8200,26.8500,26.8600,26.8700,16,3,59,7,31,1,18,10,1,36
SH,603538,2017-12-29 11:21:42,26.7600,1,5352.0000,2,S,26.7600,26.7200,26.7100,26.7000,26.6900,26.7800,26.8000,26.8200,26.8500,26.8600,14,14,59,7,31,29,1,18,10,1
SH,603538,2017-12-29 11:22:36,26.7600,1,8028.0000,3,S,26.7600,26.7200,26.7100,26.7000,26.6900,26.7800,26.8000,26.8200,26.8500,26.8600,11,14,59,7,31,29,1,18,10,1
SH,603538,2017-12-29 11:22:45,26.7600,1,29436.0000,11,S,26.7200,26.7100,26.7000,26.6900,26.6800,26.7800,26.8000,26.8200,26.8500,26.8600,9,59,7,31,36,29,1,18,10,1
SH,603538,2017-12-29 11:24:03,26.7200,1,2672.0000,1,S,26.7200,26.7100,26.7000,26.6900,26.6800,26.7600,26.7800,26.8000,26.8200,26.8500,13,59,7,31,36,19,10,1,18,10
SH,603538,2017-12-29 11:24:06,26.7200,3,24048.0000,9,S,26.7200,26.7100,26.7000,26.6900,26.6800,26.7600,26.7800,26.8000,26.8200,26.8500,4,59,7,31,36,19,10,1,18,10
SH,603538,2017-12-29 11:24:15,26.7200,1,10688.0000,4,S,26.7100,26.7000,26.6900,26.6800,26.6700,26.7200,26.7600,26.7800,26.8000,26.8200,59,7,31,36,2,46,19,10,1,18
SH,603538,2017-12-29 11:25:57,26.7100,2,18697.0000,7,S,26.7100,26.7000,26.6900,26.6800,26.6700,26.7200,26.7800,26.8000,26.8200,26.8500,52,7,31,31,2,46,10,1,18,10
SH,603538,2017-12-29 11:26:18,26.7100,2,138892.0000,52,S,26.7000,26.6900,26.6800,26.6700,26.6600,26.7100,26.7200,26.7800,26.8000,26.8200,7,31,31,2,67,42,46,10,1,18
SH,603538,2017-12-29 11:26:57,26.7000,1,5340.0000,2,S,26.7000,26.6900,26.6800,26.6700,26.6600,26.7100,26.7200,26.7800,26.8000,26.8200,5,31,31,2,67,61,46,10,1,18
SH,603538,2017-12-29 11:27:09,26.7000,1,2670.0000,1,S,26.7000,26.6900,26.6800,26.6700,26.6600,26.7100,26.7200,26.7800,26.8000,26.8200,6,31,31,2,67,61,46,10,1,18
SH,603538,2017-12-29 11:27:51,26.7000,2,13350.0000,5,S,26.7000,26.6900,26.6800,26.6700,26.6600,26.7100,26.7200,26.7800,26.8000,26.8200,21,30,31,2,67,128,46,10,1,18
SH,603538,2017-12-29 11:27:54,26.7100,3,267100.0000,100,B,26.7000,26.6900,26.6800,26.6700,26.6600,26.7100,26.7200,26.7800,26.8000,26.8200,21,30,31,2,67,28,46,10,1,18
SH,603538,2017-12-29 11:28:21,26.7000,2,56070.0000,21,S,26.6900,26.6800,26.6700,26.6600,26.6500,26.7000,26.7100,26.7200,26.7800,26.8000,30,16,2,67,32,6,28,46,10,1
SH,603538,2017-12-29 11:28:51,26.6900,3,50711.0000,19,S,26.6900,26.6800,26.6700,26.6600,26.6500,26.7000,26.7100,26.7200,26.7800,26.8000,11,16,2,67,32,6,28,46,10,1
SH,603538,2017-12-29 11:29:06,26.6900,1,26690.0000,10,S,26.6900,26.6800,26.6700,26.6600,26.6500,26.7000,26.7100,26.7200,26.7800,26.8000,1,16,2,67,32,6,28,46,10,1
SH,603538,2017-12-29 11:29:54,26.6900,2,16014.0000,6,S,26.6800,26.6700,26.6600,26.6500,26.6300,26.6900,26.7000,26.7100,26.7200,26.7800,16,2,67,32,1,57,6,28,46,10
SH,603538,2017-12-29 13:00:02,26.6800,5,32022.0000,12,S,26.6800,26.6700,26.6600,26.6500,26.6300,26.6900,26.7000,26.7100,26.7200,26.7800,10,2,67,32,1,51,6,28,46,10
SH,603538,2017-12-29 13:00:06,26.6900,2,10676.0000,4,B,26.6800,26.6700,26.6600,26.6500,26.6300,26.6900,26.7000,26.7100,26.7200,26.7800,20,2,67,32,1,47,6,28,46,10
SH,603538,2017-12-29 13:00:24,26.6900,1,21352.0000,8,B,26.6800,26.6700,26.6600,26.6500,26.6300,26.6900,26.7000,26.7100,26.7200,26.7800,20,2,67,32,1,39,6,28,46,10
SH,603538,2017-12-29 13:01:09,26.6900,1,26690.0000,10,B,26.6800,26.6700,26.6600,26.6500,26.6300,26.6900,26.7000,26.7100,26.7200,26.7800,20,2,67,32,1,29,6,28,46,10
SH,603538,2017-12-29 13:02:15,26.6900,1,13345.0000,5,B,26.6800,26.6700,26.6600,26.6500,26.6300,26.6900,26.7000,26.7100,26.7200,26.7800,20,2,67,32,1,24,6,28,46,10
SH,603538,2017-12-29 13:02:45,26.6900,1,13345.0000,5,B,26.6800,26.6700,26.6600,26.6500,26.6300,26.6900,26.7000,26.7100,26.7200,26.7800,20,2,67,32,1,19,6,28,46,10
SH,603538,2017-12-29 13:04:03,26.6900,1,8007.0000,3,B,26.6800,26.6700,26.6600,26.6500,26.6300,26.6900,26.7000,26.7100,26.7200,26.7800,20,2,67,32,1,16,6,28,46,10
SH,603538,2017-12-29 13:05:21,26.6900,1,2669.0000,1,B,26.6800,26.6700,26.6600,26.6500,26.6300,26.6900,26.7000,26.7100,26.7200,26.7800,20,2,67,32,1,15,6,28,46,10
SH,603538,2017-12-29 13:05:48,26.6800,4,93395.0000,35,S,26.6700,26.6600,26.6500,26.6300,26.6200,26.6800,26.7100,26.7200,26.7800,26.8000,2,67,32,1,6,80,28,46,10,1
SH,603538,2017-12-29 13:06:36,26.6700,1,5334.0000,2,S,26.6600,26.6500,26.6300,26.6200,26.6100,26.6700,26.6800,26.7200,26.7800,26.8000,67,32,1,6,25,4,108,46,10,1
SH,603538,2017-12-29 13:07:09,26.6000,20,359703.0000,135,S,26.6000,26.5900,26.5600,26.5500,26.5300,26.6700,26.6800,26.7200,26.7800,26.8000,91,5,5,2,2,4,108,46,10,1
SH,603538,2017-12-29 13:08:06,26.6500,2,13325.0000,5,S,26.6500,26.6000,26.5900,26.5600,26.5500,26.6600,26.6700,26.6800,26.7200,26.7800,5,91,5,5,2,4,4,108,46,10
SH,603538,2017-12-29 13:09:03,26.6500,2,15992.0000,6,S,26.6500,26.6100,26.6000,26.5900,26.5600,26.6600,26.6700,26.6800,26.7200,26.7800,1,6,91,5,5,2,10,108,46,10
SH,603538,2017-12-29 13:09:12,26.6500,1,2665.0000,1,S,26.6100,26.6000,26.5900,26.5600,26.5500,26.6500,26.6600,26.6700,26.6800,26.7200,6,91,5,5,2,18,2,10,108,46
SH,603538,2017-12-29 13:10:45,26.6200,2,23963.0000,9,S,26.6200,26.6100,26.6000,26.5900,26.5600,26.6500,26.6600,26.6700,26.6800,26.7200,1,4,93,5,5,18,2,10,28,46
SH,603538,2017-12-29 13:11:21,26.6200,1,2662.0000,1,S,26.6100,26.6000,26.5900,26.5600,26.5500,26.6200,26.6500,26.6600,26.6700,26.6800,4,94,5,5,2,79,18,2,10,28
SH,603538,2017-12-29 13:11:27,26.6000,4,103744.0000,39,S,26.6000,26.5900,26.5600,26.5500,26.5300,26.6200,26.6500,26.6600,26.6700,26.6800,59,5,5,2,4,79,18,2,10,28
SH,603538,2017-12-29 13:11:45,26.6000,8,85120.0000,32,S,26.6000,26.5900,26.5600,26.5500,26.5300,26.6200,26.6600,26.6700,26.6800,26.7200,34,5,5,2,4,79,2,10,28,46
SH,603538,2017-12-29 13:11:48,26.6000,1,47880.0000,18,S,26.6000,26.5900,26.5600,26.5500,26.5300,26.6200,26.6600,26.6700,26.6800,26.7200,16,5,5,2,4,79,2,10,28,46
SH,603538,2017-12-29 13:11:51,26.6000,4,26600.0000,10,S,26.6000,26.5900,26.5600,26.5500,26.5300,26.6200,26.6600,26.6700,26.6800,26.7200,6,5,5,2,4,79,2,10,28,46
SH,603538,2017-12-29 13:12:03,26.6000,1,13300.0000,5,S,26.6000,26.5900,26.5600,26.5500,26.5300,26.6200,26.6600,26.6700,26.7200,26.7800,1,5,5,2,4,79,2,10,46,10
SH,603538,2017-12-29 13:12:09,26.6000,1,2660.0000,1,S,26.5900,26.5600,26.5500,26.5300,26.5000,26.6000,26.6200,26.6600,26.6700,26.7200,5,5,2,4,63,27,79,2,10,46
SH,603538,2017-12-29 13:12:24,26.6000,1,13300.0000,5,B,26.5900,26.5600,26.5500,26.5300,26.5000,26.6000,26.6200,26.6600,26.6700,26.7200,5,5,2,4,63,22,84,2,10,46
SH,603538,2017-12-29 13:12:30,26.6000,1,2660.0000,1,B,26.5900,26.5600,26.5500,26.5300,26.5000,26.6000,26.6200,26.6600,26.6700,26.7200,10,5,2,4,63,21,84,2,10,46
SH,603538,2017-12-29 13:13:03,26.5800,3,31906.0000,12,S,26.5600,26.5500,26.5300,26.5100,26.5000,26.5800,26.6000,26.6200,26.6600,26.6700,5,2,4,13,63,38,21,84,2,10
SH,603538,2017-12-29 13:13:18,26.5800,1,2658.0000,1,B,26.5600,26.5500,26.5300,26.5100,26.5000,26.5800,26.6000,26.6200,26.6600,26.6700,5,2,4,13,63,37,21,84,2,10
SH,603538,2017-12-29 13:13:42,26.5200,5,82242.0000,31,S,26.5100,26.5000,26.4500,26.4100,26.4000,26.5200,26.5800,26.6000,26.6200,26.6600,13,73,6,5,11,8,37,21,84,2
SH,603538,2017-12-29 13:13:51,26.5200,1,2652.0000,1,B,26.5100,26.5000,26.4500,26.4100,26.4000,26.5200,26.5800,26.6000,26.6200,26.6600,13,73,6,5,11,7,37,21,84,2
SH,603538,2017-12-29 13:13:57,26.5100,3,23859.0000,9,S,26.5100,26.5000,26.4500,26.4100,26.4000,26.5200,26.5800,26.6000,26.6200,26.6600,4,73,6,5,11,7,37,21,84,2
SH,603538,2017-12-29 13:14:00,26.5200,1,18564.0000,7,B,26.5200,26.5100,26.5000,26.4500,26.4100,26.5800,26.6000,26.6200,26.6600,26.7200,13,4,73,6,5,37,21,84,2,46
SH,603538,2017-12-29 13:14:15,26.5100,6,100752.0000,38,S,26.5000,26.4500,26.4100,26.4000,26.3600,26.5100,26.5800,26.6000,26.6200,26.6600,73,6,10,11,5,8,37,21,84,2
SH,603538,2017-12-29 13:14:24,26.5100,1,2651.0000,1,B,26.5000,26.4500,26.4100,26.4000,26.3600,26.5100,26.5800,26.6000,26.6200,26.6600,73,6,10,11,5,7,37,21,84,2
SH,603538,2017-12-29 13:14:30,26.5100,1,18557.0000,7,B,26.5100,26.5000,26.4500,26.4100,26.4000,26.5600,26.5800,26.6000,26.6200,26.6600,19,73,6,10,11,1,37,21,84,2
SH,603538,2017-12-29 13:15:18,26.5200,1,21216.0000,8,S,26.5100,26.5000,26.4500,26.4200,26.4100,26.5200,26.5600,26.5800,26.6000,26.6200,34,78,6,2,10,71,1,37,21,5
SH,603538,2017-12-29 13:15:21,26.5200,2,39780.0000,15,B,26.5100,26.5000,26.4500,26.4200,26.4100,26.5200,26.5600,26.5800,26.6000,26.6200,34,78,6,2,10,56,1,37,21,5
SH,603538,2017-12-29 13:15:24,26.5200,1,10608.0000,4,B,26.5100,26.5000,26.4500,26.4200,26.4100,26.5200,26.5600,26.5800,26.6000,26.6600,33,78,6,2,10,52,1,37,21,2
SH,603538,2017-12-29 13:15:27,26.5100,1,34463.0000,13,S,26.5100,26.5000,26.4500,26.4200,26.4100,26.5200,26.5600,26.5800,26.6000,26.6600,15,78,6,2,10,52,1,37,21,2
SH,603538,2017-12-29 13:15:30,26.5200,1,21216.0000,8,B,26.5100,26.5000,26.4500,26.4200,26.4100,26.5200,26.5600,26.5800,26.6000,26.6600,15,78,6,2,10,44,1,37,21,2
SH,603538,2017-12-29 13:15:42,26.5200,1,2652.0000,1,B,26.5100,26.5000,26.4500,26.4200,26.4100,26.5200,26.5600,26.5800,26.6000,26.6600,30,78,6,2,10,43,6,37,21,2
SH,603538,2017-12-29 13:15:48,26.5200,1,2652.0000,1,B,26.5100,26.5000,26.4500,26.4200,26.4100,26.5200,26.5600,26.5800,26.6000,26.6600,28,78,6,2,10,42,6,37,21,2
SH,603538,2017-12-29 13:15:51,26.5100,1,2651.0000,1,S,26.5100,26.5000,26.4500,26.4200,26.4100,26.5200,26.5600,26.5800,26.6000,26.6600,27,78,6,2,10,42,6,37,21,2
SH,603538,2017-12-29 13:15:57,26.5200,1,106080.0000,40,B,26.5100,26.5000,26.4500,26.4200,26.4100,26.5200,26.5600,26.5800,26.6000,26.6600,27,78,6,2,10,2,6,37,21,2
SH,603538,2017-12-29 13:16:03,26.5200,1,5304.0000,2,B,26.5200,26.5100,26.5000,26.4500,26.4200,26.5600,26.5800,26.6000,26.6600,26.7100,3,27,78,6,13,6,37,21,2,1
SH,603538,2017-12-29 13:16:27,26.5200,1,5304.0000,2,S,26.5200,26.5100,26.5000,26.4500,26.4200,26.5600,26.5800,26.6600,26.7100,26.7200,2,29,78,6,13,6,37,2,1,46
SH,603538,2017-12-29 13:16:33,26.5200,3,10608.0000,4,S,26.5100,26.5000,26.4500,26.4200,26.4100,26.5200,26.5600,26.5800,26.6600,26.7100,29,78,6,13,10,17,6,37,2,1
SH,603538,2017-12-29 13:16:48,26.5200,1,21216.0000,8,B,26.5100,26.5000,26.4500,26.4200,26.4100,26.5200,26.5600,26.5800,26.6600,26.7100,29,78,6,13,10,17,6,37,2,12
SH,603538,2017-12-29 13:17:00,26.5200,2,45084.0000,17,B,26.5200,26.5100,26.5000,26.4500,26.4200,26.5600,26.5800,26.6600,26.7100,26.7200,3,29,73,6,13,6,37,2,12,46
SH,603538,2017-12-29 13:17:06,26.5100,6,98095.0000,37,S,26.5000,26.4500,26.4200,26.4100,26.4000,26.5100,26.5600,26.5800,26.6600,26.7100,73,6,13,10,16,13,6,37,2,12
SH,603538,2017-12-29 13:17:09,26.5100,2,10604.0000,4,B,26.5000,26.4500,26.4200,26.4100,26.4000,26.5100,26.5600,26.5800,26.6600,26.7100,73,6,13,10,16,9,6,37,2,12
SH,603538,2017-12-29 13:17:15,26.5100,1,5302.0000,2,B,26.5000,26.4500,26.4200,26.4100,26.4000,26.5100,26.5600,26.5800,26.6600,26.7100,73,6,13,10,16,7,6,37,2,12
SH,603538,2017-12-29 13:17:18,26.5100,1,18557.0000,7,B,26.5100,26.5000,26.4500,26.4200,26.4100,26.5600,26.5800,26.6600,26.7100,26.7200,13,73,6,13,10,6,37,2,12,46
SH,603538,2017-12-29 13:17:36,26.5000,6,92763.0000,35,S,26.5000,26.4600,26.4500,26.4200,26.4100,26.5600,26.5800,26.6600,26.7100,26.7200,70,4,6,13,5,6,37,2,12,46
SH,603538,2017-12-29 13:17:51,26.5000,4,50351.0000,19,S,26.5000,26.4600,26.4500,26.4200,26.4100,26.5600,26.5800,26.6600,26.7100,26.7200,54,4,6,13,5,6,37,2,12,46
SH,603538,2017-12-29 13:17:54,26.5100,1,2651.0000,1,B,26.5000,26.4600,26.4500,26.4200,26.4100,26.5100,26.5600,26.5800,26.6600,26.7100,54,4,6,13,5,3,6,37,2,12
SH,603538,2017-12-29 13:18:27,26.5000,2,7950.0000,3,S,26.5000,26.4600,26.4500,26.4200,26.4100,26.5100,26.5600,26.5800,26.6600,26.7100,51,4,6,13,5,3,6,37,2,12
SH,603538,2017-12-29 13:18:36,26.5100,1,7953.0000,3,B,26.5100,26.5000,26.4600,26.4500,26.4200,26.5500,26.5600,26.5800,26.6600,26.7100,1,51,4,6,13,4,6,37,2,12
SH,603538,2017-12-29 13:18:39,26.5000,2,21201.0000,8,S,26.5000,26.4600,26.4500,26.4200,26.4100,26.5500,26.5600,26.5800,26.6600,26.7100,44,4,6,13,5,4,6,37,2,12
SH,603538,2017-12-29 13:18:51,26.5000,4,39754.0000,15,S,26.5000,26.4600,26.4500,26.4200,26.4100,26.5500,26.5600,26.5800,26.6600,26.7100,30,4,8,13,5,4,6,37,2,12
SH,603538,2017-12-29 13:19:30,26.5500,1,5310.0000,2,B,26.5200,26.5100,26.5000,26.4600,26.4500,26.5500,26.5600,26.5800,26.6600,26.7100,2,3,35,4,8,42,6,37,2,12
SH,603538,2017-12-29 13:19:54,26.5000,3,23857.0000,9,S,26.5000,26.4600,26.4500,26.4200,26.4100,26.5500,26.5600,26.5800,26.6600,26.7100,31,4,8,13,5,57,1,37,2,22
SH,603538,2017-12-29 13:19:57,26.5000,5,90100.0000,34,S,26.4600,26.4500,26.4200,26.4100,26.4000,26.5000,26.5500,26.5600,26.5800,26.6600,4,8,13,5,23,19,57,1,37,2
SH,603538,2017-12-29 13:20:18,26.5000,1,50350.0000,19,B,26.5000,26.4800,26.4600,26.4500,26.4200,26.5500,26.5600,26.5800,26.6600,26.7100,1,1,4,8,13,67,1,37,2,22
SH,603538,2017-12-29 13:20:57,26.5000,3,13250.0000,5,S,26.4800,26.4600,26.4500,26.4300,26.4200,26.5000,26.5500,26.5600,26.5700,26.5800,1,7,8,15,13,1,67,1,2,37
SH,603538,2017-12-29 13:21:33,26.5000,1,2650.0000,1,B,26.5000,26.4800,26.4600,26.4500,26.4400,26.5500,26.5600,26.5700,26.5800,26.6600,2,11,7,11,10,67,1,2,37,2
SH,603538,2017-12-29 13:22:36,26.5000,3,34450.0000,13,S,26.4900,26.4800,26.4700,26.4600,26.4500,26.5500,26.5600,26.5700,26.5800,26.6600,2,11,1,7,11,67,1,2,37,2
SH,603538,2017-12-29 13:25:03,26.5100,1,2651.0000,1,S,26.5100,26.5000,26.4900,26.4800,26.4700,26.5500,26.5600,26.5700,26.5800,26.6600,10,20,2,11,35,27,1,2,65,2
SH,603538,2017-12-29 13:25:36,26.5500,4,50445.0000,19,B,26.5200,26.5100,26.5000,26.4900,26.4800,26.5500,26.5600,26.5700,26.5800,26.6600,5,12,20,2,11,8,1,2,37,2
SH,603538,2017-12-29 13:25:42,26.5100,3,18560.0000,7,S,26.5100,26.5000,26.4900,26.4800,26.4700,26.5500,26.5600,26.5700,26.5800,26.6600,8,20,2,11,34,8,1,2,37,2
SH,603538,2017-12-29 13:26:51,26.5300,1,18571.0000,7,S,26.5300,26.5200,26.5100,26.5000,26.4900,26.5500,26.5700,26.5800,26.6600,26.7100,11,33,15,23,2,8,3,37,2,22
SH,603538,2017-12-29 13:27:30,26.5400,1,2654.0000,1,S,26.5300,26.5200,26.5100,26.5000,26.4900,26.5400,26.5500,26.5700,26.5800,26.6600,11,36,42,28,2,1,8,7,37,2
SH,603538,2017-12-29 13:27:39,26.5300,1,29183.0000,11,S,26.5200,26.5100,26.5000,26.4900,26.4800,26.5300,26.5400,26.5500,26.5700,26.5800,36,42,28,2,1,3,4,8,7,37
SH,603538,2017-12-29 13:27:45,26.5200,3,95472.0000,36,S,26.5100,26.5000,26.4900,26.4800,26.4700,26.5200,26.5300,26.5400,26.5500,26.5700,42,28,2,1,34,14,3,4,8,7
SH,603538,2017-12-29 13:28:06,26.5200,1,26520.0000,10,B,26.5100,26.5000,26.4900,26.4800,26.4700,26.5200,26.5300,26.5400,26.5500,26.5700,42,28,2,1,34,4,3,4,8,7
SH,603538,2017-12-29 13:28:15,26.5200,1,10608.0000,4,B,26.5200,26.5100,26.5000,26.4900,26.4800,26.5300,26.5400,26.5500,26.5700,26.5800,5,42,28,2,1,3,1,8,7,37
SH,603538,2017-12-29 13:28:27,26.5200,1,7956.0000,3,S,26.5200,26.5100,26.5000,26.4900,26.4800,26.5300,26.5400,26.5500,26.5700,26.5800,2,32,28,2,1,3,1,8,7,37
SH,603538,2017-12-29 13:28:42,26.5300,1,7959.0000,3,B,26.5300,26.5200,26.5100,26.5000,26.4900,26.5400,26.5500,26.5700,26.5800,26.6600,11,2,32,28,2,1,8,7,37,2
SH,603538,2017-12-29 13:28:51,26.5100,7,119319.0000,45,S,26.5000,26.4900,26.4800,26.4700,26.4600,26.5100,26.5400,26.5500,26.5700,26.5800,28,2,1,34,234,12,1,8,7,37
SH,603538,2017-12-29 13:29:09,26.5000,5,74200.0000,28,S,26.4800,26.4700,26.4600,26.4500,26.4300,26.5000,26.5100,26.5400,26.5500,26.5700,1,34,234,8,15,2,12,1,8,7
SH,603538,2017-12-29 13:29:42,26.4800,2,7944.0000,3,S,26.4800,26.4700,26.4600,26.4500,26.4300,26.4900,26.5000,26.5100,26.5400,26.5500,7,34,234,8,15,26,2,12,1,8
SH,603538,2017-12-29 13:30:00,26.4800,4,31776.0000,12,S,26.4700,26.4600,26.4500,26.4300,26.4200,26.4800,26.4900,26.5000,26.5100,26.5400,36,234,8,15,13,8,26,2,12,1
SH,603538,2017-12-29 13:30:03,26.4700,3,29117.0000,11,S,26.4700,26.4600,26.4500,26.4300,26.4200,26.4800,26.4900,26.5000,26.5100,26.5400,25,234,8,15,13,8,26,2,12,1
SH,603538,2017-12-29 13:30:09,26.4800,1,2648.0000,1,B,26.4700,26.4600,26.4500,26.4300,26.4200,26.4800,26.4900,26.5000,26.5100,26.5400,23,234,8,15,13,7,26,2,12,1
SH,603538,2017-12-29 13:30:15,26.4700,1,2647.0000,1,S,26.4700,26.4600,26.4500,26.4300,26.4200,26.4800,26.4900,26.5000,26.5100,26.5400,22,234,8,15,13,7,26,2,12,1
SH,603538,2017-12-29 13:30:51,26.4800,1,13240.0000,5,B,26.4700,26.4600,26.4500,26.4300,26.4200,26.4800,26.4900,26.5000,26.5100,26.5400,34,234,8,15,13,2,26,2,12,1
SH,603538,2017-12-29 13:30:57,26.4700,1,21176.0000,8,S,26.4700,26.4600,26.4500,26.4300,26.4200,26.4800,26.4900,26.5000,26.5100,26.5400,26,234,8,15,13,2,26,2,12,1
SH,603538,2017-12-29 13:31:09,26.4700,1,23823.0000,9,S,26.4700,26.4600,26.4500,26.4300,26.4200,26.4800,26.4900,26.5000,26.5100,26.5400,17,234,8,15,13,2,26,2,12,1
SH,603538,2017-12-29 13:31:24,26.4700,5,52945.0000,20,S,26.4700,26.4600,26.4500,26.4300,26.4200,26.4800,26.4900,26.5000,26.5100,26.5400,2,236,8,15,13,5,26,2,12,1
SH,603538,2017-12-29 13:31:42,26.4800,1,13240.0000,5,B,26.4800,26.4700,26.4600,26.4500,26.4300,26.4900,26.5000,26.5100,26.5400,26.5500,5,2,236,8,15,26,2,12,1,8
SH,603538,2017-12-29 13:31:48,26.4800,1,2648.0000,1,S,26.4800,26.4700,26.4600,26.4500,26.4300,26.4900,26.5000,26.5100,26.5400,26.5500,4,2,236,8,15,26,2,12,1,8
SH,603538,2017-12-29 13:31:51,26.4800,1,10592.0000,4,S,26.4700,26.4600,26.4500,26.4300,26.4200,26.4800,26.4900,26.5000,26.5100,26.5400,2,236,8,15,13,3,26,2,12,1
SH,603538,2017-12-29 13:32:09,26.4700,1,5294.0000,2,S,26.4600,26.4500,26.4300,26.4200,26.4100,26.4800,26.5000,26.5100,26.5400,26.5500,236,8,15,13,6,29,2,12,1,8
SH,603538,2017-12-29 13:32:15,26.4600,3,79380.0000,30,S,26.4600,26.4500,26.4300,26.4200,26.4100,26.4800,26.5000,26.5100,26.5400,26.5500,206,8,15,13,6,29,2,12,1,8
SH,603538,2017-12-29 13:32:18,26.4800,2,52960.0000,20,B,26.4600,26.4500,26.4300,26.4200,26.4100,26.4800,26.5000,26.5100,26.5400,26.5500,206,8,15,13,6,9,2,12,1,8
SH,603538,2017-12-29 13:32:27,26.4600,1,362502.0000,137,S,26.4600,26.4500,26.4300,26.4200,26.4100,26.4800,26.5000,26.5100,26.5400,26.5500,69,8,15,13,6,9,2,12,1,8
SH,603538,2017-12-29 13:32:36,26.4600,1,153468.0000,58,S,26.4600,26.4500,26.4300,26.4200,26.4100,26.4800,26.5000,26.5100,26.5400,26.5500,11,8,15,13,6,9,2,12,1,8
SH,603538,2017-12-29 13:32:39,26.4600,2,29106.0000,11,S,26.4500,26.4300,26.4200,26.4100,26.4000,26.4600,26.4800,26.5000,26.5100,26.5400,8,15,13,6,39,16,9,2,12,1
SH,603538,2017-12-29 13:32:57,26.4500,3,23805.0000,9,S,26.4300,26.4200,26.4100,26.4000,26.3900,26.4500,26.4600,26.4800,26.5000,26.5100,15,13,6,39,1,3,47,9,2,12
SH,603538,2017-12-29 13:33:00,26.4000,14,198077.0000,75,S,26.3900,26.3700,26.3300,26.3200,26.3100,26.4000,26.4500,26.4600,26.4800,26.5000,1,2,5,10,50,30,4,47,9,2
SH,603538,2017-12-29 13:33:18,26.3900,1,2639.0000,1,S,26.3700,26.3300,26.3200,26.3100,26.3000,26.3900,26.4000,26.4500,26.4600,26.4800,2,5,10,50,1,1,30,4,16,9
SH,603538,2017-12-29 13:33:39,26.3200,5,108011.0000,41,S,26.3100,26.3000,26.2900,26.2600,26.2000,26.3200,26.3900,26.4000,26.4500,26.4600,50,1,7,1,12,34,8,30,4,16
SH,603538,2017-12-29 13:33:54,26.3200,3,123674.0000,47,B,26.3100,26.3000,26.2900,26.2600,26.2000,26.3200,26.3900,26.4500,26.4600,26.4800,20,6,7,1,12,17,8,1,15,9
SH,603538,2017-12-29 13:33:57,26.3100,2,65775.0000,25,S,26.3000,26.2900,26.2600,26.2000,26.1700,26.3100,26.3200,26.3900,26.4500,26.4600,6,7,1,12,1,19,17,8,1,15
SH,603538,2017-12-29 13:34:03,26.3100,2,49989.0000,19,B,26.3000,26.2900,26.2600,26.2000,26.1700,26.3100,26.3200,26.3900,26.4500,26.4600,6,7,1,12,1,68,17,13,1,15
SH,603538,2017-12-29 13:34:09,26.3000,2,13150.0000,5,S,26.3000,26.2900,26.2600,26.2000,26.1700,26.3100,26.3200,26.3900,26.4500,26.4600,1,7,1,12,1,68,17,6,1,15
SH,603538,2017-12-29 13:34:12,26.3100,1,2631.0000,1,B,26.3000,26.2900,26.2600,26.2000,26.1700,26.3100,26.3200,26.3900,26.4500,26.4600,1,7,1,12,1,67,17,6,1,15
SH,603538,2017-12-29 13:34:21,26.3100,3,10522.0000,4,B,26.2900,26.2600,26.2000,26.1700,26.1500,26.3000,26.3100,26.3200,26.3900,26.4500,7,1,22,1,1,50,65,17,6,1
SH,603538,2017-12-29 13:34:27,26.3000,1,13150.0000,5,B,26.2900,26.2600,26.2000,26.1700,26.1500,26.3000,26.3100,26.3200,26.3900,26.4500,7,1,22,1,1,45,74,17,6,6
SH,603538,2017-12-29 13:34:36,26.2900,1,5258.0000,2,S,26.2900,26.2600,26.2000,26.1700,26.1500,26.3000,26.3100,26.3200,26.3900,26.4500,5,1,22,1,1,45,74,17,6,6
SH,603538,2017-12-29 13:34:39,26.2900,1,13145.0000,5,S,26.2600,26.2000,26.1700,26.1500,26.1000,26.2900,26.3000,26.3100,26.3200,26.3900,1,22,1,1,1,18,45,74,17,6
SH,603538,2017-12-29 13:34:45,26.2900,1,13145.0000,5,B,26.2700,26.2600,26.2100,26.2000,26.1700,26.2900,26.3000,26.3100,26.3200,26.3900,5,1,14,22,1,13,45,74,17,6
SH,603538,2017-12-29 13:34:57,26.2700,1,2627.0000,1,S,26.2700,26.2600,26.2100,26.2000,26.1700,26.2900,26.3000,26.3100,26.3200,26.3900,4,1,14,22,1,13,45,74,17,6
SH,603538,2017-12-29 13:35:00,26.2700,1,10508.0000,4,S,26.2600,26.2100,26.2000,26.1700,26.1500,26.2700,26.2900,26.3000,26.3100,26.3200,1,14,22,1,1,3,13,45,74,17
SH,603538,2017-12-29 13:35:03,26.3000,3,52578.0000,20,B,26.2600,26.2100,26.2000,26.1700,26.1500,26.3000,26.3100,26.3200,26.3500,26.3900,1,14,22,1,1,41,74,17,4,6
SH,603538,2017-12-29 13:35:27,26.3000,3,26283.0000,10,B,26.2800,26.2700,26.2600,26.2400,26.2100,26.3000,26.3100,26.3200,26.3500,26.3900,4,11,3,3,14,40,74,17,4,6
SH,603538,2017-12-29 13:35:30,26.3000,2,13150.0000,5,B,26.2800,26.2700,26.2600,26.2400,26.2100,26.3000,26.3100,26.3200,26.3500,26.3900,4,11,3,3,14,35,74,17,4,6
SH,603538,2017-12-29 13:35:36,26.3000,1,5260.0000,2,B,26.2800,26.2700,26.2600,26.2400,26.2100,26.3000,26.3100,26.3200,26.3500,26.3900,4,11,3,3,14,33,74,17,4,6
SH,603538,2017-12-29 13:35:42,26.3000,1,86790.0000,33,B,26.3000,26.2800,26.2700,26.2600,26.2400,26.3100,26.3200,26.3500,26.3900,26.4500,2,4,11,6,3,74,17,4,6,5
SH,603538,2017-12-29 13:35:57,26.3100,2,26310.0000,10,B,26.3000,26.2800,26.2700,26.2600,26.2400,26.3100,26.3200,26.3500,26.3900,26.4500,13,11,11,6,3,64,17,4,6,5
SH,603538,2017-12-29 13:36:18,26.3000,2,10520.0000,4,S,26.3000,26.2800,26.2700,26.2600,26.2400,26.3100,26.3200,26.3900,26.4500,26.4600,15,11,11,6,3,64,17,5,5,15
SH,603538,2017-12-29 13:36:30,26.3000,1,15780.0000,6,S,26.3000,26.2900,26.2800,26.2700,26.2600,26.3100,26.3200,26.4500,26.4600,26.5000,19,15,16,11,6,64,17,5,15,2
SH,603538,2017-12-29 13:36:33,26.3100,1,26310.0000,10,B,26.3000,26.2900,26.2800,26.2700,26.2600,26.3100,26.3200,26.4500,26.4600,26.5000,19,15,16,11,6,45,17,5,15,2
SH,603538,2017-12-29 13:36:36,26.3100,1,52620.0000,20,B,26.3000,26.2900,26.2800,26.2700,26.2600,26.3100,26.3200,26.4500,26.4600,26.5000,19,15,16,11,6,25,17,5,15,2
SH,603538,2017-12-29 13:36:42,26.3100,1,2631.0000,1,B,26.3000,26.2900,26.2800,26.2700,26.2600,26.3100,26.3200,26.4500,26.4600,26.5000,19,15,16,11,6,33,17,5,15,2
SH,603538,2017-12-29 13:36:48,26.3100,1,7893.0000,3,B,26.3000,26.2900,26.2800,26.2700,26.2600,26.3100,26.3200,26.4500,26.4600,26.5000,19,15,16,11,6,30,17,5,15,2
SH,603538,2017-12-29 13:37:00,26.3000,4,49970.0000,19,S,26.2900,26.2800,26.2700,26.2600,26.2500,26.3000,26.3100,26.3200,26.4500,26.4600,15,16,11,6,1,2,30,17,5,15
SH,603538,2017-12-29 13:37:06,26.3000,1,2630.0000,1,B,26.2900,26.2800,26.2700,26.2600,26.2500,26.3000,26.3100,26.3200,26.4500,26.4600,15,16,11,6,1,1,51,17,5,15
SH,603538,2017-12-29 13:37:18,26.3000,2,10520.0000,4,B,26.2900,26.2800,26.2700,26.2600,26.2500,26.3100,26.3200,26.4500,26.4600,26.5000,15,18,11,6,1,51,17,5,15,2
SH,603538,2017-12-29 13:37:27,26.3000,1,2630.0000,1,B,26.2900,26.2800,26.2700,26.2600,26.2500,26.3000,26.3100,26.3200,26.4500,26.4600,17,18,11,5,1,3,51,17,5,15
SH,603538,2017-12-29 13:37:30,26.2900,1,2629.0000,1,S,26.2900,26.2800,26.2700,26.2600,26.2500,26.3000,26.3100,26.3200,26.4500,26.4600,16,18,11,5,1,3,51,17,5,15
SH,603538,2017-12-29 13:37:48,26.2900,1,2629.0000,1,S,26.2900,26.2800,26.2700,26.2600,26.2500,26.3000,26.3100,26.3200,26.4500,26.4600,15,15,11,5,1,6,51,17,5,15
SH,603538,2017-12-29 13:37:51,26.2900,1,5258.0000,2,S,26.2900,26.2800,26.2700,26.2600,26.2500,26.3000,26.3100,26.3200,26.4500,26.4600,13,15,11,5,1,6,51,17,5,15
SH,603538,2017-12-29 13:37:57,26.2900,1,7887.0000,3,S,26.2900,26.2800,26.2700,26.2600,26.2500,26.3000,26.3100,26.3200,26.4500,26.4600,10,15,11,5,1,6,51,17,5,15
SH,603538,2017-12-29 13:38:03,26.3000,3,15780.0000,6,B,26.2900,26.2800,26.2700,26.2600,26.2500,26.3100,26.3200,26.4500,26.4600,26.5000,10,15,11,5,1,51,17,5,15,2
SH,603538,2017-12-29 13:38:18,26.3100,1,2631.0000,1,B,26.2900,26.2800,26.2700,26.2600,26.2500,26.3100,26.3200,26.4500,26.4600,26.5000,10,15,11,5,1,29,17,5,15,2
SH,603538,2017-12-29 13:38:24,26.2900,1,10516.0000,4,S,26.2900,26.2800,26.2700,26.2600,26.2500,26.3100,26.3200,26.4500,26.4600,26.5000,6,15,11,5,1,29,17,5,15,2
SH,603538,2017-12-29 13:38:33,26.3100,1,7893.0000,3,B,26.3000,26.2900,26.2800,26.2700,26.2600,26.3100,26.3200,26.4600,26.5000,26.5100,2,6,15,11,5,17,17,15,2,12
SH,603538,2017-12-29 13:38:36,26.2900,4,21034.0000,8,S,26.2800,26.2700,26.2600,26.2500,26.2400,26.2900,26.3100,26.3200,26.4600,26.5000,15,11,5,1,3,1,17,17,15,2
SH,603538,2017-12-29 13:38:48,26.2900,1,2629.0000,1,B,26.2800,26.2700,26.2600,26.2500,26.2400,26.3100,26.3200,26.4600,26.5000,26.5100,15,11,5,1,3,38,17,15,2,12
SH,603538,2017-12-29 13:38:57,26.2900,1,2629.0000,1,B,26.2800,26.2700,26.2600,26.2500,26.2400,26.2900,26.3000,26.3100,26.3200,26.4600,15,11,5,1,3,62,1,38,17,15
SH,603538,2017-12-29 13:39:06,26.2800,1,5256.0000,2,S,26.2800,26.2700,26.2600,26.2500,26.2400,26.2900,26.3000,26.3100,26.3200,26.4600,13,11,5,1,3,62,1,38,17,15
SH,603538,2017-12-29 13:39:15,26.2800,3,21024.0000,8,S,26.2800,26.2700,26.2600,26.2500,26.2400,26.2900,26.3000,26.3100,26.3200,26.4600,5,11,5,1,3,62,1,17,17,15
SH,603538,2017-12-29 13:39:27,26.2800,4,18396.0000,7,S,26.2700,26.2600,26.2500,26.2400,26.2200,26.2800,26.2900,26.3000,26.3100,26.3200,11,5,3,3,3,13,62,1,17,17
SH,603538,2017-12-29 13:39:36,26.2900,3,131416.0000,50,B,26.2700,26.2600,26.2500,26.2400,26.2200,26.2900,26.3100,26.3200,26.4600,26.4900,11,5,3,3,3,46,17,17,15,4
SH,603538,2017-12-29 13:40:15,26.2800,2,39420.0000,15,S,26.2700,26.2600,26.2500,26.2400,26.2200,26.2800,26.2900,26.3100,26.3200,26.4600,32,5,3,3,3,5,46,17,17,15
SH,603538,2017-12-29 13:40:30,26.2800,1,5256.0000,2,B,26.2700,26.2600,26.2500,26.2400,26.2200,26.2800,26.2900,26.3100,26.3200,26.4600,32,5,3,3,3,3,46,17,17,15
SH,603538,2017-12-29 13:40:33,26.2700,1,18389.0000,7,S,26.2700,26.2600,26.2500,26.2400,26.2200,26.2800,26.2900,26.3100,26.3200,26.4600,25,5,3,3,3,3,46,17,17,15
SH,603538,2017-12-29 13:40:39,26.2800,1,7884.0000,3,B,26.2800,26.2700,26.2600,26.2500,26.2400,26.2900,26.3100,26.3200,26.4600,26.4900,2,25,5,3,3,46,17,17,15,4
SH,603538,2017-12-29 13:41:06,26.2700,8,84081.0000,32,S,26.2700,26.2600,26.2500,26.2400,26.2200,26.2900,26.3100,26.3200,26.4600,26.4900,8,5,23,3,3,44,17,17,15,4
SH,603538,2017-12-29 13:41:12,26.2900,1,26290.0000,10,B,26.2800,26.2700,26.2600,26.2500,26.2400,26.2900,26.3100,26.3200,26.4600,26.4900,11,8,5,23,3,34,17,17,15,4
SH,603538,2017-12-29 13:41:36,26.2900,2,89386.0000,34,B,26.2900,26.2800,26.2700,26.2600,26.2500,26.3100,26.3200,26.4600,26.4900,26.5100,36,31,10,13,23,17,17,15,4,12
SH,603538,2017-12-29 13:41:42,26.2800,4,126180.0000,48,S,26.2800,26.2700,26.2600,26.2500,26.2400,26.3100,26.3200,26.4600,26.4900,26.5100,19,10,13,23,3,17,17,15,4,12
SH,603538,2017-12-29 13:42:21,26.3100,1,31572.0000,12,B,26.3000,26.2900,26.2800,26.2700,26.2600,26.3100,26.3200,26.4900,26.5100,26.5400,1,13,25,10,13,5,17,4,12,1
SH,603538,2017-12-29 13:42:24,26.3100,1,2631.0000,1,B,26.3000,26.2900,26.2800,26.2700,26.2600,26.3100,26.3200,26.4900,26.5100,26.5400,1,13,25,10,13,4,17,4,12,1
SH,603538,2017-12-29 13:42:51,26.3100,1,10524.0000,4,B,26.3100,26.3000,26.2900,26.2800,26.2700,26.3200,26.5100,26.5400,26.5500,26.5700,6,11,13,25,10,17,12,5,19,3
SH,603538,2017-12-29 13:42:57,26.3100,1,2631.0000,1,S,26.3100,26.3000,26.2900,26.2800,26.2700,26.3200,26.5000,26.5100,26.5400,26.5500,5,11,13,25,10,17,12,12,5,19
SH,603538,2017-12-29 13:43:06,26.3100,2,23683.0000,9,S,26.3000,26.2900,26.2800,26.2700,26.2600,26.3100,26.3200,26.5000,26.5100,26.5400,11,13,25,10,13,1,13,12,12,5
SH,603538,2017-12-29 13:43:09,26.3100,1,2631.0000,1,B,26.3100,26.3000,26.2900,26.2800,26.2700,26.3200,26.5000,26.5100,26.5400,26.5500,9,11,13,19,10,13,12,12,5,19
SH,603538,2017-12-29 13:43:15,26.3200,1,10528.0000,4,B,26.3100,26.3000,26.2900,26.2800,26.2700,26.3200,26.5000,26.5100,26.5400,26.5500,9,11,13,19,10,9,12,12,5,19
SH,603538,2017-12-29 13:43:21,26.3100,2,28941.0000,11,S,26.3100,26.3000,26.2900,26.2800,26.2700,26.3200,26.5000,26.5100,26.5400,26.5500,4,11,13,19,10,9,12,12,5,19
SH,603538,2017-12-29 13:43:33,26.3100,2,15790.0000,6,S,26.3100,26.3000,26.2900,26.2800,26.2700,26.3200,26.4800,26.5000,26.5100,26.5400,2,11,13,20,10,5,4,12,12,5
SH,603538,2017-12-29 13:43:42,26.3200,1,2632.0000,1,B,26.3100,26.3000,26.2900,26.2800,26.2700,26.3200,26.4800,26.5000,26.5100,26.5400,2,11,13,20,10,4,4,12,12,5
SH,603538,2017-12-29 13:44:09,26.3200,1,10528.0000,4,B,26.3200,26.3100,26.3000,26.2900,26.2800,26.4800,26.4900,26.5000,26.5100,26.5400,11,5,11,13,20,4,20,12,12,5
SH,603538,2017-12-29 13:45:21,26.3300,2,31596.0000,12,S,26.3300,26.3200,26.3100,26.3000,26.2900,26.4500,26.4600,26.4900,26.5100,26.5400,9,17,2,11,13,4,20,20,12,5
SH,603538,2017-12-29 13:46:15,26.4500,1,10580.0000,4,B,26.3300,26.3200,26.3100,26.3000,26.2900,26.4500,26.4600,26.4900,26.5100,26.5400,21,48,2,14,3,20,20,20,12,5
SH,603538,2017-12-29 13:47:09,26.3300,4,78990.0000,30,S,26.3200,26.3100,26.3000,26.2900,26.2800,26.3300,26.4400,26.4500,26.4600,26.4800,48,2,29,3,20,40,7,40,20,4
SH,603538,2017-12-29 13:47:33,26.3300,1,18431.0000,7,B,26.3200,26.3100,26.3000,26.2900,26.2800,26.3300,26.4400,26.4500,26.4600,26.4900,48,2,29,3,20,33,7,40,20,20
SH,603538,2017-12-29 13:48:18,26.3300,1,13165.0000,5,B,26.3200,26.3100,26.3000,26.2900,26.2800,26.3300,26.4200,26.4400,26.4500,26.4600,48,2,58,3,20,28,1,7,40,20
SH,603538,2017-12-29 13:48:51,26.3200,3,26324.0000,10,S,26.3200,26.3100,26.3000,26.2900,26.2800,26.4200,26.4400,26.4500,26.4600,26.4900,42,4,58,3,20,1,7,40,20,20
SH,603538,2017-12-29 13:49:36,26.3200,4,73709.0000,28,S,26.3200,26.3100,26.3000,26.2900,26.2800,26.4000,26.4200,26.4400,26.4500,26.4600,34,6,58,3,20,2,1,7,40,20
SH,603538,2017-12-29 13:50:51,26.3200,2,18424.0000,7,S,26.3200,26.3100,26.3000,26.2900,26.2800,26.4000,26.4200,26.4400,26.4500,26.4600,23,12,58,3,71,2,2,7,40,20
SH,603538,2017-12-29 13:51:09,26.4000,1,5280.0000,2,B,26.4000,26.3200,26.3100,26.3000,26.2900,26.4200,26.4400,26.4500,26.4600,26.4900,1,23,11,61,3,1,7,40,20,20
SH,603538,2017-12-29 13:52:39,26.4000,1,2640.0000,1,S,26.3300,26.3200,26.3100,26.3000,26.2900,26.4200,26.4400,26.4500,26.4600,26.4800,5,23,11,61,3,1,14,40,20,4
SH,603538,2017-12-29 13:53:06,26.4200,1,2642.0000,1,B,26.4200,26.3300,26.3200,26.3100,26.3000,26.4400,26.4500,26.4600,26.4800,26.4900,4,5,23,11,61,14,40,20,4,20
SH,603538,2017-12-29 13:53:24,26.4400,1,10576.0000,4,B,26.4200,26.3300,26.3200,26.3100,26.3000,26.4400,26.4500,26.4600,26.4800,26.4900,4,5,23,11,61,10,40,20,4,20
SH,603538,2017-12-29 13:53:33,26.4200,2,18495.0000,7,S,26.3400,26.3300,26.3200,26.3100,26.3000,26.4200,26.4400,26.4500,26.4600,26.4800,3,5,23,11,61,23,10,40,20,4
SH,603538,2017-12-29 13:54:45,26.4000,1,13199.0000,5,B,26.3400,26.3300,26.3200,26.3100,26.3000,26.4100,26.4200,26.4300,26.4400,26.4500,3,5,23,11,61,4,23,4,11,48
SH,603538,2017-12-29 13:55:21,26.4100,1,5282.0000,2,B,26.3400,26.3300,26.3200,26.3100,26.3000,26.4100,26.4200,26.4300,26.4400,26.4500,3,5,23,11,61,2,23,4,11,48
SH,603538,2017-12-29 13:56:30,26.4000,1,2640.0000,1,B,26.3400,26.3300,26.3200,26.3100,26.3000,26.4000,26.4100,26.4200,26.4300,26.4400,3,17,23,11,61,6,5,23,4,11
SH,603538,2017-12-29 13:56:57,26.3000,13,144770.0000,55,S,26.3000,26.2900,26.2800,26.2700,26.2600,26.4000,26.4100,26.4200,26.4400,26.4500,60,3,71,11,7,6,5,23,11,48
SH,603538,2017-12-29 13:57:33,26.3100,1,2631.0000,1,S,26.3100,26.3000,26.2900,26.2800,26.2700,26.4000,26.4100,26.4200,26.4400,26.4500,1,60,3,71,11,6,9,23,11,28
SH,603538,2017-12-29 13:58:09,26.3100,1,2631.0000,1,S,26.3000,26.2900,26.2800,26.2700,26.2600,26.3100,26.4000,26.4100,26.4200,26.4400,70,3,71,11,7,5,6,5,23,11
SH,603538,2017-12-29 13:58:15,26.3100,1,13155.0000,5,B,26.3100,26.3000,26.2900,26.2800,26.2700,26.4000,26.4100,26.4200,26.4400,26.4500,1,70,3,71,11,6,5,23,11,28
SH,603538,2017-12-29 13:58:33,26.3500,1,13175.0000,5,S,26.3500,26.3100,26.3000,26.2900,26.2800,26.3900,26.4000,26.4100,26.4200,26.4400,5,62,70,3,71,5,6,5,23,11
SH,603538,2017-12-29 13:59:42,26.3900,1,5278.0000,2,B,26.3500,26.3400,26.3200,26.3100,26.3000,26.3900,26.4000,26.4100,26.4200,26.4400,5,93,8,62,97,3,6,5,23,11
SH,603538,2017-12-29 14:00:39,26.3900,2,60697.0000,23,B,26.3900,26.3500,26.3400,26.3200,26.3100,26.4000,26.4100,26.4200,26.4400,26.4500,3,13,67,7,52,6,32,23,11,8
SH,603538,2017-12-29 14:01:12,26.4000,1,2640.0000,1,B,26.3900,26.3600,26.3500,26.3400,26.3200,26.4000,26.4100,26.4200,26.4400,26.4500,3,50,13,67,12,15,32,23,11,8
SH,603538,2017-12-29 14:01:33,26.4000,3,39600.0000,15,B,26.4000,26.3900,26.3600,26.3500,26.3400,26.4100,26.4200,26.4400,26.4500,26.4600,18,3,50,13,67,32,23,11,8,20
SH,603538,2017-12-29 14:01:42,26.4100,1,5282.0000,2,B,26.4000,26.3900,26.3600,26.3500,26.3400,26.4100,26.4200,26.4400,26.4600,26.4900,18,3,50,13,67,30,23,11,20,4
SH,603538,2017-12-29 14:01:48,26.4000,1,21119.0000,8,S,26.4000,26.3900,26.3600,26.3500,26.3400,26.4100,26.4200,26.4400,26.4600,26.4900,10,3,50,13,67,30,23,11,20,4
SH,603538,2017-12-29 14:02:09,26.4100,2,13206.0000,5,B,26.4000,26.3900,26.3600,26.3500,26.3200,26.4100,26.4200,26.4400,26.4600,26.4900,77,3,50,7,12,25,23,11,20,4
SH,603538,2017-12-29 14:02:21,26.4100,1,21127.0000,8,B,26.4000,26.3600,26.3500,26.3200,26.3100,26.4100,26.4200,26.4400,26.4600,26.4900,77,50,7,12,52,17,23,11,20,4
SH,603538,2017-12-29 14:02:27,26.4100,1,7924.0000,3,B,26.4000,26.3600,26.3500,26.3200,26.3100,26.4100,26.4200,26.4400,26.4600,26.4900,77,50,7,12,52,14,23,11,20,4
SH,603538,2017-12-29 14:03:42,26.4000,1,13200.0000,5,S,26.4000,26.3600,26.3500,26.3200,26.3100,26.4100,26.4200,26.4400,26.4500,26.4600,5,50,5,12,52,44,23,11,5,20
SH,603538,2017-12-29 14:03:45,26.4000,1,13200.0000,5,S,26.3600,26.3500,26.3200,26.3100,26.3000,26.4000,26.4100,26.4200,26.4400,26.4500,50,5,12,52,87,8,44,23,11,5
SH,603538,2017-12-29 14:03:48,26.4100,3,137324.0000,52,B,26.4100,26.3600,26.3500,26.3200,26.3100,26.4200,26.4400,26.4500,26.4600,26.4900,15,50,5,12,52,23,11,5,20,4
SH,603538,2017-12-29 14:04:33,26.4100,2,39616.0000,15,S,26.3600,26.3500,26.3200,26.3100,26.3000,26.4100,26.4200,26.4400,26.4500,26.4600,50,5,12,52,87,9,23,11,5,20
SH,603538,2017-12-29 14:04:51,26.4100,1,23768.0000,9,B,26.4100,26.3600,26.3500,26.3200,26.3100,26.4200,26.4400,26.4500,26.4600,26.4900,10,50,25,12,2,23,11,5,20,4
SH,603538,2017-12-29 14:05:18,26.3600,2,129214.0000,49,S,26.3600,26.3500,26.3200,26.3100,26.3000,26.4200,26.4400,26.4500,26.4600,26.4900,11,25,12,4,87,23,11,5,20,4
SH,603538,2017-12-29 14:05:57,26.3600,2,18454.0000,7,S,26.3600,26.3500,26.3200,26.3100,26.3000,26.4200,26.4400,26.4600,26.4900,26.5000,7,25,12,4,87,23,11,20,4,1
SH,603538,2017-12-29 14:06:15,26.3600,1,10545.0000,4,S,26.3600,26.3500,26.3200,26.3100,26.3000,26.4100,26.4200,26.4400,26.4600,26.4900,3,25,12,4,87,4,23,11,20,4
SH,603538,2017-12-29 14:07:12,26.3900,1,2639.0000,1,S,26.3600,26.3500,26.3200,26.3100,26.3000,26.3900,26.4100,26.4200,26.4400,26.4600,26,25,12,4,89,1,9,23,11,20
SH,603538,2017-12-29 14:08:09,26.3900,1,2639.0000,1,B,26.3900,26.3600,26.3500,26.3200,26.3100,26.4100,26.4200,26.4400,26.4600,26.4900,62,26,25,12,7,9,23,11,20,4
SH,603538,2017-12-29 14:09:06,26.4000,1,26400.0000,10,S,26.3900,26.3600,26.3500,26.3200,26.3100,26.4000,26.4200,26.4400,26.4600,26.4900,144,26,25,12,27,4,23,11,20,4
SH,603538,2017-12-29 14:09:12,26.4200,2,52832.0000,20,B,26.3900,26.3600,26.3500,26.3200,26.3100,26.4200,26.4400,26.4600,26.4900,26.5000,144,26,25,12,27,7,11,20,4,6
SH,603538,2017-12-29 14:10:00,26.4200,1,5284.0000,2,B,26.4000,26.3900,26.3600,26.3500,26.3200,26.4200,26.4400,26.4600,26.5000,26.5100,25,148,26,25,12,5,22,20,6,12
SH,603538,2017-12-29 14:10:03,26.4200,1,13210.0000,5,B,26.4200,26.4000,26.3900,26.3600,26.3500,26.4400,26.4600,26.5000,26.5100,26.5400,5,25,148,26,25,22,20,6,12,4
SH,603538,2017-12-29 14:10:45,26.4200,1,7926.0000,3,S,26.4200,26.4000,26.3900,26.3600,26.3500,26.4400,26.5000,26.5100,26.5400,26.5500,84,25,66,13,30,22,1,12,4,27
SH,603538,2017-12-29 14:10:57,26.4400,6,95156.0000,36,B,26.4200,26.4000,26.3900,26.3600,26.3500,26.5000,26.5100,26.5400,26.5500,26.5700,70,25,66,13,30,1,12,4,27,3
SH,603538,2017-12-29 14:13:00,26.4400,1,13220.0000,5,S,26.4400,26.4000,26.3900,26.3600,26.3500,26.4600,26.5000,26.5100,26.5400,26.5500,127,25,4,13,30,8,16,12,4,19
SH,603538,2017-12-29 14:13:03,26.4600,1,15875.0000,6,B,26.4400,26.4000,26.3900,26.3600,26.3500,26.4600,26.5000,26.5100,26.5400,26.5500,127,25,4,13,30,2,16,12,4,19
SH,603538,2017-12-29 14:13:09,26.4600,1,5293.0000,2,B,26.4400,26.4000,26.3900,26.3600,26.3500,26.5000,26.5100,26.5400,26.5500,26.5700,127,25,4,13,30,16,12,4,19,3
SH,603538,2017-12-29 14:13:39,26.4600,1,5291.0000,2,S,26.4400,26.4000,26.3900,26.3600,26.3500,26.4900,26.5000,26.5100,26.5400,26.5500,127,25,4,13,30,10,16,12,104,19
SH,603538,2017-12-29 14:14:03,26.4900,1,15896.0000,6,B,26.4400,26.4000,26.3900,26.3600,26.3500,26.4900,26.5000,26.5100,26.5400,26.5500,127,25,4,13,30,4,6,12,104,19
SH,603538,2017-12-29 14:14:27,26.4900,1,10595.0000,4,B,26.4900,26.4400,26.4000,26.3900,26.3600,26.5000,26.5100,26.5400,26.5500,26.5700,6,70,25,4,13,6,12,104,19,3
SH,603538,2017-12-29 14:14:33,26.5500,7,374173.0000,141,B,26.5500,26.4900,26.4000,26.3900,26.3600,26.5700,26.5900,26.6000,26.6500,26.6600,157,6,25,4,13,3,2,15,2,6
SH,603538,2017-12-29 14:14:48,26.5500,1,7965.0000,3,S,26.5500,26.5000,26.4900,26.4000,26.3900,26.5700,26.5900,26.6000,26.6500,26.6600,211,11,76,25,4,3,2,15,2,6
SH,603538,2017-12-29 14:15:09,26.5500,1,26550.0000,10,S,26.5500,26.5000,26.4900,26.4000,26.3900,26.5700,26.5900,26.6000,26.6500,26.6600,201,11,76,25,4,5,17,15,2,6
SH,603538,2017-12-29 14:15:18,26.5500,1,111510.0000,42,S,26.5500,26.5000,26.4900,26.4000,26.3900,26.5700,26.5900,26.6000,26.6300,26.6500,159,11,76,25,4,5,17,15,1,2
SH,603538,2017-12-29 14:15:54,26.5500,1,53100.0000,20,S,26.5500,26.5000,26.4900,26.4000,26.3900,26.5600,26.5700,26.5900,26.6000,26.6300,139,11,76,25,4,4,3,17,15,1
SH,603538,2017-12-29 14:16:18,26.5500,1,26549.0000,10,S,26.5500,26.5000,26.4900,26.4000,26.3600,26.5600,26.5700,26.5900,26.6000,26.6300,129,11,76,25,13,4,3,17,15,1
SH,603538,2017-12-29 14:16:24,26.5500,1,2656.0000,1,S,26.5500,26.5000,26.4900,26.4000,26.3600,26.5600,26.5700,26.5900,26.6000,26.6300,128,11,76,25,13,4,3,17,15,1
SH,603538,2017-12-29 14:16:27,26.5500,1,79650.0000,30,S,26.5500,26.5000,26.4900,26.4000,26.3600,26.5600,26.5700,26.5900,26.6000,26.6300,98,11,76,25,13,4,3,7,15,1
SH,603538,2017-12-29 14:16:33,26.5500,2,47790.0000,18,S,26.5500,26.5000,26.4900,26.4000,26.3600,26.5600,26.5700,26.5900,26.6000,26.6500,80,11,76,25,13,4,3,7,15,2
SH,603538,2017-12-29 14:16:36,26.5500,2,84960.0000,32,S,26.5500,26.5000,26.4900,26.4000,26.3600,26.5600,26.5700,26.5900,26.6000,26.6500,48,11,6,25,13,4,3,7,15,2
SH,603538,2017-12-29 14:16:45,26.5500,1,63720.0000,24,S,26.5500,26.5000,26.4900,26.4000,26.3600,26.5600,26.5700,26.5900,26.6000,26.6300,94,11,6,25,13,4,3,7,15,1
SH,603538,2017-12-29 14:16:48,26.5500,2,127440.0000,48,S,26.5500,26.5000,26.4900,26.4000,26.3600,26.5600,26.5700,26.5900,26.6000,26.6300,46,11,6,25,13,4,3,7,15,1
SH,603538,2017-12-29 14:17:03,26.5500,2,55756.0000,21,S,26.5500,26.5000,26.4900,26.4000,26.3600,26.5600,26.5700,26.5900,26.6000,26.6300,25,11,6,25,13,4,3,7,45,1
SH,603538,2017-12-29 14:17:06,26.5500,1,53099.0000,20,S,26.5500,26.5000,26.4900,26.4000,26.3600,26.5600,26.5700,26.5900,26.6000,26.6300,5,11,6,25,13,4,3,7,45,1
SH,603538,2017-12-29 14:17:09,26.5500,1,13275.0000,5,S,26.5000,26.4900,26.4000,26.3600,26.3500,26.5500,26.5600,26.5700,26.5900,26.6000,11,6,25,13,30,75,4,3,7,45
SH,603538,2017-12-29 14:17:51,26.5000,1,5300.0000,2,S,26.5000,26.4900,26.4000,26.3600,26.3500,26.5500,26.5600,26.5700,26.5900,26.6000,9,6,25,13,30,75,4,3,7,45
SH,603538,2017-12-29 14:18:03,26.5000,1,10599.0000,4,S,26.5000,26.4900,26.4100,26.4000,26.3600,26.5500,26.5600,26.5700,26.5900,26.6000,5,6,3,25,13,75,4,3,7,45
SH,603538,2017-12-29 14:18:15,26.5400,1,2655.0000,1,B,26.5000,26.4900,26.4100,26.4000,26.3600,26.5400,26.5500,26.5600,26.5700,26.5900,5,6,3,25,13,1,75,4,3,7
SH,603538,2017-12-29 14:18:21,26.5000,1,10599.0000,4,S,26.5000,26.4900,26.4100,26.4000,26.3600,26.5400,26.5500,26.5600,26.5700,26.5900,1,6,3,25,13,1,75,4,3,7
SH,603538,2017-12-29 14:18:27,26.5500,3,26550.0000,10,B,26.5000,26.4900,26.4100,26.4000,26.3600,26.5500,26.5600,26.5700,26.5900,26.6000,1,6,3,25,13,66,4,3,7,45
SH,603538,2017-12-29 14:18:51,26.5000,1,2649.0000,1,S,26.4900,26.4100,26.4000,26.3600,26.3500,26.5000,26.5500,26.5700,26.5900,26.6000,6,3,25,13,30,3,66,3,7,45
SH,603538,2017-12-29 14:19:09,26.5000,1,7951.0000,3,B,26.5000,26.4900,26.4300,26.4100,26.4000,26.5400,26.5500,26.5700,26.5900,26.6000,4,6,10,3,25,5,66,3,7,45
SH,603538,2017-12-29 14:20:27,26.5000,1,10600.0000,4,S,26.4900,26.4300,26.4100,26.4000,26.3600,26.5000,26.5400,26.5500,26.5700,26.5900,6,10,3,25,13,5,9,66,3,7
SH,603538,2017-12-29 14:20:48,26.4900,1,2649.0000,1,S,26.4900,26.4300,26.4100,26.4000,26.3600,26.5000,26.5400,26.5500,26.5700,26.5900,5,10,3,25,13,5,9,66,3,7
SH,603538,2017-12-29 14:22:03,26.4900,1,13245.0000,5,S,26.4300,26.4200,26.4100,26.4000,26.3600,26.4900,26.5000,26.5400,26.5500,26.5700,10,3,3,25,13,3,5,10,66,3
SH,603538,2017-12-29 14:22:42,26.4900,1,7947.0000,3,B,26.4400,26.4300,26.4200,26.4100,26.4000,26.4900,26.5000,26.5400,26.5500,26.5700,19,10,3,4,25,26,5,10,66,3
SH,603538,2017-12-29 14:23:06,26.4400,1,31728.0000,12,S,26.4400,26.4300,26.4200,26.4100,26.4000,26.4900,26.5000,26.5400,26.5500,26.5700,7,10,3,4,25,26,5,10,66,3
SH,603538,2017-12-29 14:23:24,26.4300,2,26438.0000,10,S,26.4300,26.4200,26.4100,26.4000,26.3600,26.4800,26.4900,26.5000,26.5400,26.5500,7,3,4,25,13,2,28,5,10,66
SH,603538,2017-12-29 14:23:48,26.4300,1,2642.0000,1,S,26.4300,26.4200,26.4100,26.4000,26.3600,26.4400,26.4800,26.4900,26.5000,26.5400,6,3,4,25,13,5,2,27,5,9
SH,603538,2017-12-29 14:24:00,26.4300,1,15858.0000,6,S,26.4200,26.4100,26.4000,26.3600,26.3500,26.4300,26.4400,26.4800,26.4900,26.5000,3,4,5,3,34,4,5,2,27,5
SH,603538,2017-12-29 14:24:36,26.4200,1,7926.0000,3,S,26.4100,26.4000,26.3600,26.3500,26.3200,26.4200,26.4300,26.4400,26.4800,26.4900,3,5,4,34,12,7,23,5,2,27
SH,603538,2017-12-29 14:24:57,26.4000,2,13203.0000,5,S,26.4000,26.3600,26.3500,26.3200,26.3100,26.4200,26.4300,26.4400,26.4800,26.4900,3,4,34,12,27,17,23,5,2,27
SH,603538,2017-12-29 14:25:30,26.4200,2,44915.0000,17,B,26.4200,26.4100,26.4000,26.3600,26.3500,26.4300,26.4400,26.4800,26.4900,26.5000,83,1,3,4,34,4,5,2,27,5
SH,603538,2017-12-29 14:25:36,26.4200,1,50198.0000,19,S,26.4200,26.4100,26.4000,26.3600,26.3500,26.4300,26.4400,26.4800,26.4900,26.5000,64,1,3,4,29,4,5,2,27,5
SH,603538,2017-12-29 14:25:54,26.4300,1,10571.0000,4,B,26.4200,26.4100,26.4000,26.3600,26.3500,26.4400,26.4800,26.4900,26.5000,26.5400,64,1,3,4,29,5,2,27,5,9
SH,603538,2017-12-29 14:26:24,26.4400,1,13219.0000,5,B,26.4400,26.4300,26.4200,26.4100,26.4000,26.4800,26.4900,26.5000,26.5400,26.5500,5,29,64,1,3,2,27,5,9,66
SH,603538,2017-12-29 14:26:39,26.4900,2,26489.0000,10,B,26.4400,26.4300,26.4200,26.4100,26.4000,26.4800,26.4900,26.5000,26.5400,26.5500,5,29,64,1,7,1,19,5,9,66
SH,603538,2017-12-29 14:27:51,26.4800,1,2647.0000,1,B,26.4800,26.4400,26.4100,26.4000,26.3600,26.4900,26.5000,26.5400,26.5500,26.5700,3,43,1,3,4,17,5,9,66,3
SH,603538,2017-12-29 14:28:45,26.4900,1,26491.0000,10,B,26.4800,26.4400,26.4100,26.4000,26.3700,26.4900,26.5000,26.5400,26.5500,26.5700,3,43,1,3,1,7,5,9,66,3
SH,603538,2017-12-29 14:29:24,26.4900,1,18543.0000,7,B,26.4900,26.4800,26.4400,26.4100,26.4000,26.5000,26.5400,26.5500,26.5700,26.5900,19,3,43,1,3,5,13,66,3,7
SH,603538,2017-12-29 14:30:30,26.5500,7,169880.0000,64,B,26.4800,26.4400,26.4100,26.4000,26.3700,26.5500,26.5700,26.5900,26.6000,26.6300,3,43,1,3,1,22,3,7,45,1
SH,603538,2017-12-29 14:31:15,26.5000,2,18551.0000,7,S,26.4900,26.4800,26.4500,26.4400,26.4100,26.5000,26.5500,26.5700,26.5900,26.6000,7,3,1,5,1,3,22,3,7,45
SH,603538,2017-12-29 14:31:45,26.5000,1,7949.0000,3,B,26.5000,26.4900,26.4800,26.4500,26.4400,26.5500,26.5700,26.5900,26.6000,26.6300,2,7,3,1,5,22,3,7,45,1
SH,603538,2017-12-29 14:32:09,26.5400,1,13270.0000,5,B,26.5000,26.4900,26.4800,26.4500,26.4400,26.5400,26.5500,26.5700,26.5900,26.6000,2,7,3,1,5,4,22,3,7,45
SH,603538,2017-12-29 14:32:45,26.5400,2,26541.0000,10,B,26.5000,26.4900,26.4800,26.4500,26.4400,26.5400,26.5500,26.5700,26.5900,26.6000,2,7,3,1,5,94,22,3,7,45
SH,603538,2017-12-29 14:33:42,26.5000,2,13250.0000,5,S,26.5000,26.4900,26.4800,26.4500,26.4400,26.5500,26.5700,26.5900,26.6000,26.6300,5,7,3,3,5,22,3,7,45,1
SH,603538,2017-12-29 14:34:27,26.4900,1,18542.0000,7,S,26.4800,26.4500,26.4400,26.4100,26.4000,26.4900,26.5400,26.5500,26.5700,26.5900,3,3,5,6,3,3,2,22,1,7
SH,603538,2017-12-29 14:35:00,26.4900,1,7947.0000,3,B,26.4900,26.4800,26.4500,26.4400,26.4100,26.5400,26.5500,26.5700,26.5900,26.6000,2,13,3,5,6,5,22,1,7,45
SH,603538,2017-12-29 14:35:03,26.4800,2,10594.0000,4,S,26.4800,26.4500,26.4400,26.4100,26.4000,26.5400,26.5500,26.5700,26.5900,26.6000,11,3,5,6,3,5,22,1,7,45
SH,603538,2017-12-29 14:35:48,26.4900,1,2648.0000,1,S,26.4900,26.4800,26.4500,26.4400,26.4100,26.5400,26.5500,26.5700,26.5900,26.6000,9,11,3,5,6,5,22,1,7,45
SH,603538,2017-12-29 14:37:09,26.5000,1,18551.0000,7,S,26.4900,26.4800,26.4500,26.4400,26.4100,26.5000,26.5300,26.5400,26.5500,26.5700,9,11,3,5,6,6,2,5,22,1
SH,603538,2017-12-29 14:38:24,26.4900,1,2649.0000,1,S,26.4900,26.4800,26.4500,26.4400,26.4100,26.5000,26.5300,26.5400,26.5500,26.5700,8,11,3,5,6,6,2,5,22,1
SH,603538,2017-12-29 14:38:57,26.4900,1,21192.0000,8,S,26.4800,26.4500,26.4400,26.4100,26.4000,26.5000,26.5300,26.5400,26.5500,26.5700,11,3,5,6,3,6,2,5,22,1
SH,603538,2017-12-29 14:39:09,26.5000,1,2650.0000,1,B,26.4800,26.4500,26.4400,26.4100,26.4000,26.5000,26.5300,26.5400,26.5500,26.5700,11,3,5,6,3,5,2,5,22,1
SH,603538,2017-12-29 14:41:54,26.5000,1,5301.0000,2,B,26.4900,26.4800,26.4500,26.4400,26.4100,26.5000,26.5300,26.5400,26.5500,26.5700,20,21,3,5,6,5,7,105,22,1
SH,603538,2017-12-29 14:42:36,26.4900,1,10595.0000,4,S,26.4900,26.4800,26.4500,26.4400,26.4100,26.5000,26.5300,26.5400,26.5500,26.5700,16,21,3,5,10,15,30,105,22,1
SH,603538,2017-12-29 14:42:48,26.4900,1,42384.0000,16,S,26.4800,26.4500,26.4400,26.4100,26.4000,26.4900,26.5000,26.5300,26.5400,26.5500,21,3,5,10,3,2,15,30,105,22
SH,603538,2017-12-29 14:42:51,26.4900,1,5298.0000,2,B,26.4800,26.4500,26.4400,26.4100,26.4000,26.5000,26.5300,26.5400,26.5500,26.5700,21,3,5,10,3,15,30,105,22,1
SH,603538,2017-12-29 14:43:09,26.4800,2,15888.0000,6,S,26.4800,26.4500,26.4400,26.4100,26.4000,26.4900,26.5000,26.5300,26.5400,26.5500,15,3,5,6,3,30,15,30,105,22
SH,603538,2017-12-29 14:43:21,26.4500,5,47656.0000,18,S,26.4400,26.4100,26.4000,26.3600,26.3500,26.4500,26.4900,26.5000,26.5300,26.5400,7,6,7,3,27,16,30,21,30,105
SH,603538,2017-12-29 14:43:39,26.4500,1,13223.0000,5,B,26.4400,26.4100,26.4000,26.3600,26.3500,26.4500,26.4900,26.5000,26.5300,26.5400,7,6,3,3,27,11,30,21,30,105
SH,603538,2017-12-29 14:43:51,26.4400,1,13220.0000,5,S,26.4400,26.4100,26.4000,26.3600,26.3500,26.4500,26.4900,26.5000,26.5300,26.5400,2,6,3,3,31,11,30,21,30,105
SH,603538,2017-12-29 14:44:30,26.4400,1,5289.0000,2,S,26.4100,26.4000,26.3800,26.3600,26.3500,26.4500,26.4900,26.5000,26.5300,26.5400,6,3,2,19,31,11,30,20,25,105
SH,603538,2017-12-29 14:44:51,26.4500,1,29095.0000,11,S,26.4500,26.4400,26.4300,26.4100,26.4000,26.4900,26.5000,26.5300,26.5400,26.5500,11,5,2,6,3,30,20,25,105,22
SH,603538,2017-12-29 14:45:51,26.4500,2,50255.0000,19,S,26.4400,26.4300,26.4100,26.4000,26.3800,26.4500,26.4800,26.4900,26.5000,26.5300,5,2,6,3,2,21,25,30,20,5
SH,603538,2017-12-29 14:46:12,26.4500,1,2645.0000,1,B,26.4400,26.4300,26.4100,26.4000,26.3800,26.4500,26.4800,26.4900,26.5000,26.5300,5,2,6,3,2,20,25,30,20,5
SH,603538,2017-12-29 14:46:39,26.4500,1,13225.0000,5,B,26.4400,26.4300,26.4100,26.4000,26.3800,26.4500,26.4800,26.4900,26.5000,26.5300,5,2,6,3,2,15,25,30,20,2
SH,603538,2017-12-29 14:47:00,26.4400,2,15864.0000,6,S,26.4300,26.4100,26.4000,26.3800,26.3700,26.4400,26.4500,26.4800,26.4900,26.5000,2,6,3,2,4,10,95,25,30,20
SH,603538,2017-12-29 14:47:03,26.4400,1,5288.0000,2,B,26.4300,26.4100,26.4000,26.3800,26.3700,26.4400,26.4500,26.4800,26.4900,26.5000,2,6,3,2,4,14,95,25,30,20
SH,603538,2017-12-29 14:47:30,26.4300,1,5287.0000,2,S,26.4100,26.4000,26.3800,26.3700,26.3600,26.4300,26.4400,26.4500,26.4800,26.4900,6,3,2,4,19,1,14,95,25,30
SH,603538,2017-12-29 14:47:39,26.4300,1,2642.0000,1,B,26.4100,26.4000,26.3800,26.3700,26.3600,26.4400,26.4500,26.4800,26.4900,26.5000,1,3,2,4,19,8,95,25,30,20
SH,603538,2017-12-29 14:48:27,26.4000,2,10560.0000,4,S,26.3800,26.3700,26.3600,26.3500,26.3200,26.4300,26.4400,26.4500,26.4800,26.4900,7,7,19,31,4,3,23,95,25,30
SH,603538,2017-12-29 14:48:30,26.3800,2,18467.0000,7,S,26.3700,26.3600,26.3500,26.3200,26.3100,26.3800,26.4300,26.4400,26.4500,26.4800,7,19,31,4,4,1,3,23,95,25
SH,603538,2017-12-29 14:48:45,26.3700,1,2637.0000,1,S,26.3700,26.3600,26.3500,26.3200,26.3100,26.4300,26.4400,26.4500,26.4800,26.4900,2,19,31,4,4,3,23,95,25,30
SH,603538,2017-12-29 14:48:57,26.3600,4,57996.0000,22,S,26.3500,26.3200,26.3100,26.3000,26.2800,26.4300,26.4400,26.4500,26.4800,26.4900,34,4,4,101,26,3,23,95,25,30
SH,603538,2017-12-29 14:49:09,26.3900,1,7916.0000,3,S,26.3800,26.3500,26.3200,26.3100,26.3000,26.4200,26.4300,26.4400,26.4500,26.4800,1,34,4,4,101,19,13,23,95,25
SH,603538,2017-12-29 14:49:33,26.4200,1,10569.0000,4,B,26.3800,26.3600,26.3500,26.3200,26.3100,26.4200,26.4300,26.4400,26.4500,26.4800,1,4,34,4,4,15,15,23,95,25
SH,603538,2017-12-29 14:49:45,26.4200,1,7926.0000,3,B,26.3600,26.3500,26.3200,26.3100,26.3000,26.4200,26.4300,26.4400,26.4500,26.4800,4,34,4,56,101,12,15,23,95,25
SH,603538,2017-12-29 14:50:09,26.3800,1,5275.0000,2,B,26.3800,26.3700,26.3600,26.3500,26.3200,26.4200,26.4300,26.4400,26.4500,26.4800,3,6,4,34,4,12,15,23,95,25
SH,603538,2017-12-29 14:50:18,26.3800,1,7915.0000,3,S,26.3700,26.3600,26.3500,26.3200,26.3100,26.3800,26.4200,26.4300,26.4400,26.4500,6,4,34,4,56,14,12,15,23,95
SH,603538,2017-12-29 14:50:27,26.3800,1,36932.0000,14,B,26.3700,26.3600,26.3500,26.3200,26.3100,26.4200,26.4300,26.4400,26.4500,26.4800,6,4,34,33,56,12,15,23,95,25
SH,603538,2017-12-29 14:51:12,26.3800,1,42207.0000,16,S,26.3800,26.3500,26.3200,26.3100,26.3000,26.4100,26.4200,26.4300,26.4400,26.4500,141,31,38,56,101,3,14,17,23,15
SH,603538,2017-12-29 14:51:33,26.3900,1,5279.0000,2,S,26.3800,26.3600,26.3500,26.3200,26.3100,26.3900,26.4100,26.4200,26.4300,26.4400,149,4,31,38,56,1,3,14,17,11
SH,603538,2017-12-29 14:51:54,26.4100,2,10562.0000,4,B,26.4100,26.3900,26.3800,26.3600,26.3500,26.4200,26.4300,26.4400,26.4500,26.4800,1,3,149,4,29,14,17,11,15,25
SH,603538,2017-12-29 14:52:45,26.4200,1,2642.0000,1,B,26.4100,26.3900,26.3800,26.3600,26.3500,26.4200,26.4300,26.4400,26.4500,26.4800,1,15,149,4,29,11,10,11,15,25
SH,603538,2017-12-29 14:53:15,26.4200,1,5283.0000,2,B,26.4100,26.3900,26.3800,26.3600,26.3500,26.4200,26.4300,26.4400,26.4500,26.4800,1,30,149,4,29,89,10,11,15,25
SH,603538,2017-12-29 14:53:18,26.4100,1,2642.0000,1,S,26.3900,26.3800,26.3600,26.3500,26.3200,26.4100,26.4200,26.4300,26.4400,26.4500,30,146,4,29,38,1,89,10,11,15
SH,603538,2017-12-29 14:53:33,26.3800,7,406285.0000,154,S,26.3900,26.3800,26.3600,26.3500,26.3200,26.4100,26.4200,26.4300,26.4400,26.4500,5,25,4,29,38,1,89,10,11,15
SH,603538,2017-12-29 14:53:36,26.3900,1,13195.0000,5,S,26.3800,26.3600,26.3500,26.3200,26.3100,26.3900,26.4100,26.4200,26.4300,26.4400,25,4,29,38,66,3,101,89,10,11
SH,603538,2017-12-29 14:53:51,26.3800,3,65950.0000,25,S,26.3600,26.3500,26.3200,26.3100,26.3000,26.3800,26.3900,26.4100,26.4200,26.4300,4,29,38,66,86,33,3,102,89,10
SH,603538,2017-12-29 14:54:00,26.3800,1,10553.0000,4,B,26.3600,26.3500,26.3200,26.3100,26.3000,26.3800,26.3900,26.4100,26.4200,26.4300,4,29,38,66,86,29,3,101,89,10
SH,603538,2017-12-29 14:54:30,26.3800,1,13189.0000,5,B,26.3700,26.3600,26.3500,26.3200,26.3100,26.3800,26.3900,26.4000,26.4100,26.4200,4,11,29,38,16,24,3,6,100,89
SH,603538,2017-12-29 14:54:33,26.3700,1,2637.0000,1,S,26.3700,26.3600,26.3500,26.3200,26.3100,26.3800,26.3900,26.4000,26.4100,26.4200,3,11,29,38,16,33,3,6,100,89
SH,603538,2017-12-29 14:54:36,26.3800,3,89690.0000,34,B,26.3800,26.3700,26.3600,26.3500,26.3200,26.3900,26.4000,26.4100,26.4200,26.4300,68,2,11,29,38,3,6,100,89,10
SH,603538,2017-12-29 14:54:45,26.3800,1,79140.0000,30,S,26.3800,26.3700,26.3600,26.3500,26.3200,26.3900,26.4000,26.4100,26.4200,26.4300,38,2,11,29,38,3,6,100,89,10
SH,603538,2017-12-29 14:54:48,26.3800,1,26381.0000,10,S,26.3800,26.3700,26.3600,26.3500,26.3200,26.3900,26.4000,26.4100,26.4200,26.4300,28,2,11,29,38,3,6,100,89,10
SH,603538,2017-12-29 14:55:00,26.3800,1,31655.0000,12,S,26.3800,26.3700,26.3600,26.3500,26.3200,26.3900,26.4000,26.4100,26.4200,26.4400,16,2,11,29,38,3,6,100,89,11
SH,603538,2017-12-29 14:55:06,26.3800,1,26381.0000,10,S,26.3800,26.3700,26.3600,26.3500,26.3200,26.3900,26.4000,26.4100,26.4200,26.4400,6,2,11,29,38,3,6,100,89,11
SH,603538,2017-12-29 14:55:12,26.3900,2,13195.0000,5,B,26.3900,26.3800,26.3700,26.3600,26.3500,26.4000,26.4100,26.4200,26.4400,26.4500,5,8,2,11,29,6,100,89,11,15
SH,603538,2017-12-29 14:55:15,26.3900,1,7917.0000,3,S,26.3900,26.3800,26.3700,26.3600,26.3500,26.4000,26.4100,26.4200,26.4400,26.4500,2,8,2,11,29,6,100,89,11,15
SH,603538,2017-12-29 14:55:21,26.3800,4,26382.0000,10,S,26.3700,26.3600,26.3500,26.3200,26.3100,26.3800,26.4000,26.4100,26.4200,26.4400,2,11,29,38,16,29,6,100,89,3
SH,603538,2017-12-29 14:55:48,26.3700,3,10548.0000,4,S,26.3700,26.3600,26.3500,26.3200,26.3100,26.3800,26.3900,26.4000,26.4100,26.4200,13,11,29,38,16,29,4,6,100,9
SH,603538,2017-12-29 14:55:51,26.3700,1,21096.0000,8,S,26.3700,26.3600,26.3500,26.3200,26.3100,26.3800,26.3900,26.4000,26.4100,26.4200,5,11,29,38,16,29,4,6,100,9
SH,603538,2017-12-29 14:56:09,26.3700,1,7911.0000,3,S,26.3700,26.3600,26.3500,26.3200,26.3100,26.3800,26.4000,26.4100,26.4500,26.4900,3,11,29,38,16,29,6,100,15,30
SH,603538,2017-12-29 14:56:30,26.3700,2,7910.0000,3,S,26.3600,26.3500,26.3200,26.3100,26.3000,26.3700,26.3800,26.4000,26.4100,26.4500,24,34,38,36,86,4,29,6,100,15
SH,603538,2017-12-29 14:56:48,26.3500,10,184491.0000,70,S,26.3500,26.3200,26.3100,26.3000,26.2800,26.3700,26.3800,26.4000,26.4100,26.4500,4,38,36,86,28,84,29,6,100,15
SH,603538,2017-12-29 14:56:57,26.3600,1,13180.0000,5,B,26.3500,26.3200,26.3100,26.3000,26.2800,26.3600,26.3700,26.3800,26.4000,26.4100,4,38,36,86,28,22,84,29,6,100
SH,603538,2017-12-29 14:57:24,26.3500,4,63245.0000,24,S,26.3500,26.3400,26.3300,26.3200,26.3100,26.3600,26.3700,26.3800,26.4000,26.4100,1,2,2,38,36,21,84,29,6,100
SH,603538,2017-12-29 14:57:39,26.3500,2,15810.0000,6,S,26.3400,26.3300,26.3200,26.3100,26.3000,26.3500,26.3600,26.3700,26.3800,26.4000,2,2,38,36,86,1,21,84,29,6
SH,603538,2017-12-29 14:57:51,26.3600,4,36897.0000,14,B,26.3400,26.3300,26.3200,26.3100,26.3000,26.3600,26.3700,26.3800,26.4000,26.4100,2,2,38,36,86,14,84,29,6,100
SH,603538,2017-12-29 14:58:06,26.3300,4,78992.0000,30,S,26.3200,26.3100,26.3000,26.2800,26.2700,26.3600,26.3700,26.3800,26.4000,26.4100,38,36,91,28,11,10,4,29,6,100
SH,603538,2017-12-29 14:58:24,26.3000,13,263129.0000,100,S,26.3000,26.2800,26.2700,26.2600,26.2500,26.3400,26.3600,26.3700,26.3800,26.4000,71,28,11,10,1,4,90,4,29,6
SH,603538,2017-12-29 14:58:33,26.3300,15,339300.0000,129,B,26.2700,26.2600,26.2500,26.2200,26.2100,26.3000,26.3400,26.3600,26.3700,26.3800,11,10,1,13,5,1,57,90,4,29
SH,603538,2017-12-29 14:58:51,26.3000,8,294984.0000,112,B,26.3000,26.2700,26.2600,26.2500,26.2200,26.3600,26.3700,26.3800,26.4000,26.4100,5,27,10,1,13,53,4,29,6,100
SH,603538,2017-12-29 14:58:54,26.3000,1,10520.0000,4,S,26.3000,26.2700,26.2600,26.2500,26.2200,26.3600,26.3700,26.3800,26.4000,26.4100,1,27,10,1,13,53,4,29,6,100
SH,603538,2017-12-29 14:59:06,26.3500,1,7904.0000,3,B,26.3000,26.2700,26.2600,26.2500,26.2200,26.3500,26.3600,26.3700,26.3800,26.4000,2,27,10,1,13,2,53,4,29,6
SH,603538,2017-12-29 14:59:09,26.4000,7,247868.0000,94,B,26.4000,26.3000,26.2800,26.2700,26.2600,26.4100,26.4500,26.4900,26.5000,26.5300,11,2,14,77,10,100,15,30,13,8
SH,603538,2017-12-29 14:59:21,26.4000,2,29040.0000,11,S,26.3000,26.2800,26.2700,26.2600,26.2500,26.4000,26.4100,26.4500,26.4900,26.5000,2,14,77,10,1,9,100,15,30,13
SH,603538,2017-12-29 14:59:24,26.4100,3,264068.0000,100,B,26.3000,26.2800,26.2700,26.2600,26.2500,26.4100,26.4500,26.4900,26.5000,26.5300,2,14,77,10,1,33,15,30,13,8
SH,603538,2017-12-29 14:59:27,26.4100,3,47528.0000,18,B,26.3000,26.2800,26.2700,26.2600,26.2500,26.4000,26.4100,26.4500,26.4900,26.5000,1,14,77,10,1,4,16,15,30,13
SH,603538,2017-12-29 14:59:42,26.4000,1,10560.0000,4,B,26.3400,26.3100,26.3000,26.2800,26.2700,26.4100,26.4500,26.4900,26.5000,26.5300,2,53,6,24,79,16,15,32,13,8
SH,603538,2017-12-29 14:59:48,26.4100,2,42254.0000,16,B,26.3400,26.3100,26.3000,26.2800,26.2700,26.4100,26.4500,26.4900,26.5000,26.5300,2,53,10,24,79,1,15,32,13,8
SH,603538,2017-12-29 14:59:51,26.4100,1,2642.0000,1,B,26.3400,26.3100,26.3000,26.2800,26.2700,26.4500,26.4900,26.5000,26.5300,26.5400,2,53,10,24,79,15,32,13,8,102
SH,603538,2017-12-29 15:00:07,26.3900,0,0.0000,0,B,26.3400,26.3100,26.3000,26.2800,26.2700,26.4500,26.4800,26.4900,26.5000,26.5300,2,53,10,24,79,15,5,32,13,8
